lon,lat,ndvi,lst_celsius,rainfall_mm,soil_moisture,rock_type,dist_to_occurrence_deg,label,rock_type_enc,prospectivity_score
79.52560631489094,21.283334869001763,0.4786851704120636,30.637878787878833,1179.9267499791458,0.36699944734573364,Archean crystalline metamorphic rocks,0.2617351169661196,0,0,0.0
80.10951124956863,21.615711524125988,0.3213976323604584,30.342432432432474,1399.7122035629727,0.3323935866355896,Archean crystalline metamorphic rocks,0.2694759032873306,0,0,0.0025
79.82654193507098,21.296809598263557,0.3418397605419159,31.35057142857147,1157.1738916817098,0.3494707942008972,Paleoproterozoic sedimentary rocks,0.25510178136492045,0,2,0.0
79.58848838477931,21.427065314460886,0.32431700825691223,29.692222222222256,1301.2249445393682,0.36269015073776245,Mesoproterozoic sedimentary and volcanic rocks,0.14619234544010748,0,1,0.02
79.82205035865039,21.566304183499412,0.45220378041267395,30.59058823529415,1346.6980395154096,0.34961286187171936,Mesoproterozoic sedimentary and volcanic rocks,0.08350965260583929,0,1,0.04
80.07807021462445,21.08570550649547,0.49866217374801636,32.0194444444445,1201.5908767704968,0.3703574538230896,Archean crystalline metamorphic rocks,0.5626099595339743,0,0,0.0
80.14993543735402,21.68308517043495,0.4281949996948242,31.118484848484854,1416.00762188941,0.3293049931526184,Archean crystalline metamorphic rocks,0.19098439961817454,0,0,0.0
80.06459548536266,21.60672837128479,0.3645906150341034,30.27342857142861,1370.9323327660277,0.3291155695915222,Archean crystalline metamorphic rocks,0.3010321096801614,0,0,0.0
80.43290475185167,21.651644135490766,0.4890344738960266,29.48485714285715,1519.1549862136599,0.21089336276054382,Archean crystalline metamorphic rocks,0.278482407202843,0,0,0.0
80.11400282598923,21.62469467696718,0.4164256751537323,30.662972972973023,1399.7122035629727,0.3323935866355896,Archean crystalline metamorphic rocks,0.25944037509742773,0,0,0.0
79.94332292200652,21.597745218443595,0.3895781636238098,31.171176470588307,1353.6184812504798,0.33052411675453186,Mesoproterozoic sedimentary and volcanic rocks,0.2085796965157547,0,1,0.0025
80.1813764722982,21.575287336340608,0.39668095111846924,31.039729729729743,1420.718883002959,0.34016817808151245,Archean crystalline metamorphic rocks,0.2825736597186199,0,0,0.0
79.70526937171485,21.431556890881485,0.41227594017982483,30.113888888888937,1221.8564186692238,0.35574373602867126,Mesoproterozoic sedimentary and volcanic rocks,0.113103123541947,0,1,0.025
80.3340900705985,21.08121393007487,0.4526315927505493,31.198648648648657,1268.447222228162,0.21337027847766876,Archean crystalline metamorphic rocks,0.7466477784011751,0,0,0.0
79.69179464245306,21.39113270309611,0.3958386778831482,29.827777777777783,1180.114756713272,0.36521050333976746,Archean crystalline metamorphic rocks,0.1536181605166044,0,0,0.0
79.88044085211816,21.584270489181804,0.7484811544418335,29.92885714285717,1348.979020355735,0.33005791902542114,Mesoproterozoic sedimentary and volcanic rocks,0.1445624704834202,0,1,0.2516767984060826
80.44637948111345,21.269860139739972,0.5355660319328308,29.853888888888946,1285.0704800477251,0.3678550124168396,Archean crystalline metamorphic rocks,0.6177237994971748,0,0,0.0
79.7771345944444,21.728000934640928,0.3257482051849365,30.618648648648673,1409.8130307945848,0.33860284090042114,Mesoproterozoic sedimentary and volcanic rocks,0.0740507925824293,0,1,0.005
80.44637948111345,21.73698408748212,0.7351811528205872,28.600000000000023,1538.23750574499,0.20631913840770721,Archean crystalline metamorphic rocks,0.23560153546958054,0,0,0.0
79.92535661632412,21.247402257636985,0.7561790347099304,27.683529411764766,1235.823357579622,0.18710438907146454,Paleoproterozoic sedimentary rocks,0.34282935038709705,0,2,0.01
80.1903596251394,21.13960442354264,0.5346845388412476,31.04567567567568,1247.3112486999016,0.21130429208278656,Archean crystalline metamorphic rocks,0.5986889031183407,0,0,0.0
80.39697214048688,21.844781921576466,0.56277996301651,30.490588235294183,1632.8831992223859,0.2900746464729309,Archean crystalline metamorphic rocks,0.14100872757356098,0,0,0.0075
80.3340900705985,21.01384028376591,0.42033207416534424,31.287142857142896,1298.2499873838387,0.21337027847766876,Mesoproterozoic sedimentary and volcanic rocks,0.7896671114522209,0,1,0.0325
80.48231209247824,21.72350935822033,0.7365360260009766,28.256285714285752,1759.4461028256749,0.19933061301708221,Archean crystalline metamorphic rocks,0.25011076546042005,0,0,0.0
79.61992941972349,21.961562908512004,0.6517412662506104,29.046756756756793,1467.1686802924378,0.3648316562175751,Archean crystalline metamorphic rocks,0.296668154061502,0,0,0.0025
80.41493844616927,21.525879995714035,0.3542458713054657,29.739444444444473,1499.6317311830353,0.3588860034942627,Archean crystalline metamorphic rocks,0.3702629047364196,0,0,0.0
80.24875011860716,21.485455807928656,0.34278565645217896,30.191111111111127,1406.8859956299384,0.3488004505634308,Archean crystalline metamorphic rocks,0.36651811413204993,0,0,0.0
79.55255577341453,21.55732103065822,0.7368420958518982,27.28837837837841,1300.7500459738076,0.35054153203964233,Mesoproterozoic sedimentary and volcanic rocks,0.12443905344105147,0,1,0.03
80.45087105753404,21.638169406228975,0.4975055456161499,30.327142857142917,1684.2332935351878,0.21089336276054382,Archean crystalline metamorphic rocks,0.3006788300044309,0,0,0.015
80.48231209247824,21.745967240323317,0.7431102395057678,28.426666666666733,1759.4461028256749,0.19933061301708221,Archean crystalline metamorphic rocks,0.22777883634582774,0,0,0.0
79.99273026263309,21.29231802184296,0.7602972984313965,27.793428571428592,1326.146364247641,0.172118678689003,Archean crystalline metamorphic rocks,0.3499860590843308,0,0,0.0
80.28468272997193,21.485455807928656,0.39381444454193115,29.88235294117652,1382.5194917246922,0.34770867228507996,Archean crystalline metamorphic rocks,0.3691926709414916,0,0,0.005
79.64238730182647,21.31028432752535,0.3988688290119171,31.051176470588302,1204.6409691635054,0.3354547917842865,Archean crystalline metamorphic rocks,0.23612517983498038,0,0,0.0
80.37002268196329,21.70554305253794,0.3394347131252289,30.40945945945947,1487.0553937400473,0.20631913840770721,Archean crystalline metamorphic rocks,0.19617749506231874,0,0,0.0
80.37900583480449,21.55282945423762,0.4463840425014496,30.155714285714282,1474.616830835119,0.3588860034942627,Archean crystalline metamorphic rocks,0.3300344583140058,0,0,0.0
79.66484518392947,21.71901778179973,0.4633338451385498,30.702432432432488,1410.5769954997404,0.3433015048503876,Mesoproterozoic sedimentary and volcanic rocks,0.0657197699498665,0,1,0.005
79.64687887824708,21.68308517043495,0.6764187812805176,29.505000000000052,1395.8359407503667,0.3433015048503876,Mesoproterozoic sedimentary and volcanic rocks,0.07225771218234156,0,1,0.47592246425260337
80.42392159901047,21.242910681216387,0.38783374428749084,28.968947368421084,1288.6013779830555,0.3678550124168396,Archean crystalline metamorphic rocks,0.6363038511337314,0,0,0.005
80.28468272997193,21.898680838623637,0.7447146773338318,27.537500000000023,1571.1655133776367,0.205626979470253,Mesoproterozoic sedimentary and volcanic rocks,0.06518567625874185,0,1,0.0
80.23078381292477,21.88969768578244,0.7042129635810852,28.80891891891895,1549.1868526730686,0.1894979029893875,Mesoproterozoic sedimentary and volcanic rocks,0.03879897093662946,1,1,0.9997857142857143
80.34756479986031,21.72350935822033,0.34502631425857544,30.380000000000052,1450.0985103262474,0.366982102394104,Archean crystalline metamorphic rocks,0.16788556669491186,0,0,0.0
80.1813764722982,21.004857130924712,0.7280053496360779,29.108285714285728,1367.6705944964197,0.20042899250984192,Paleoproterozoic sedimentary rocks,0.6899313750326274,0,2,0.1325
79.55255577341453,21.16206230564563,0.4994703531265259,31.635294117647106,1261.8881177384173,0.21463912725448608,Archean crystalline metamorphic rocks,0.33316097436052877,0,0,0.0
79.92086503990353,21.494438960769852,0.3984495997428894,29.057368421052672,1310.2282652975991,0.33482760190963745,Archean crystalline metamorphic rocks,0.18265784363440543,0,0,0.0
79.72323567739724,21.040789742289494,0.5249500870704651,30.206315789473706,1346.8586008455604,0.21145057678222656,Paleoproterozoic sedimentary rocks,0.49763221084988724,0,2,0.035
79.74569355950022,21.36418324457252,0.3994290232658386,31.261666666666713,1176.0111216152713,0.33291658759117126,Archean crystalline metamorphic rocks,0.17384084890527363,0,0,0.0
80.32510691775731,21.413590585199096,0.2838670015335083,31.588285714285746,1351.9422908215784,0.3642728626728058,Archean crystalline metamorphic rocks,0.44657652710375506,0,0,0.0
80.03764602683907,21.579778912761206,0.2780124247074127,30.613783783783845,1318.3544651401899,0.3291155695915222,Archean crystalline metamorphic rocks,0.29711663268745947,0,0,0.0
79.96578080410951,21.269860139739972,0.7525083422660828,27.81222222222226,1326.146364247641,0.18710438907146454,Archean crystalline metamorphic rocks,0.34831307047713056,0,0,0.0
79.84899981717398,21.799866157370488,0.3858798146247864,30.861111111111143,1395.3542832992493,0.3384265899658203,Mesoproterozoic sedimentary and volcanic rocks,0.1754022720134579,0,1,0.02
79.74120198307963,21.418082161619694,0.29781022667884827,30.126842105263222,1221.8564186692238,0.35574373602867126,Archean crystalline metamorphic rocks,0.11994947177733772,0,0,0.0
80.40595529332808,21.46299792582567,0.5655474662780762,29.869428571428614,1401.6590787393507,0.35634514689445496,Archean crystalline metamorphic rocks,0.42304876506175204,0,0,0.0
80.30264903565433,21.701051476117343,0.4700479805469513,30.63055555555559,1450.0985103262474,0.366982102394104,Archean crystalline metamorphic rocks,0.16355317205452768,0,0,0.0
80.45536263395465,21.907663991464833,0.760399341583252,27.079142857142926,1554.0434405151755,0.2301112860441208,Archean crystalline metamorphic rocks,0.06470151335303322,0,0,0.0025
79.90289873422114,21.76393354600571,0.38511160016059875,30.096666666666692,1434.8574851635326,0.3441102206707001,Mesoproterozoic sedimentary and volcanic rocks,0.20122013245178885,0,1,0.01975706436420722
80.38349741122508,21.480964231508057,0.44182077050209045,30.69285714285718,1393.4281268613413,0.3588860034942627,Archean crystalline metamorphic rocks,0.39792083519197213,0,0,0.0
80.20383435440118,21.94808817925021,0.7185788750648499,28.734864864864903,1765.8594624847174,0.1894979029893875,Mesoproterozoic sedimentary and volcanic rocks,0.10257473648781183,0,1,0.145
79.66933676035006,21.413590585199096,0.4478330612182617,29.438888888888926,1273.7485936433077,0.36521050333976746,Mesoproterozoic sedimentary and volcanic rocks,0.1305589563438586,0,1,0.01
80.24425854218656,21.732492511061526,0.4643057882785797,29.984594594594626,1455.071666323859,0.3530366122722626,Archean crystalline metamorphic rocks,0.11946195101876436,0,0,0.0
79.92086503990353,21.7774082752675,0.43614131212234497,30.479189189189242,1434.8574851635326,0.3441102206707001,Mesoproterozoic sedimentary and volcanic rocks,0.22317281819147408,0,1,0.0025
80.1813764722982,21.62918625338778,0.44082126021385193,30.427297297297343,1420.1338878735696,0.34016817808151245,Archean crystalline metamorphic rocks,0.23008647700003085,0,0,0.0
79.6064546904617,21.036298165868896,0.2506459951400757,27.669500000000028,1278.9297178284905,0.21408402919769287,Paleoproterozoic sedimentary rocks,0.45218506352667376,0,2,0.015
80.29815745923374,21.75944196958511,0.3982442021369934,30.402972972972975,1539.746749711223,0.366982102394104,Archean crystalline metamorphic rocks,0.10954342795771811,0,0,0.005
80.23078381292477,21.62469467696718,0.49885138869285583,30.570555555555586,1487.6144427477175,0.34016817808151245,Archean crystalline metamorphic rocks,0.22731925485284246,0,0,0.0
79.66484518392947,21.13511284712204,0.34909671545028687,29.887368421052656,1243.416684204858,0.21076129376888275,Paleoproterozoic sedimentary rocks,0.4090119148252041,0,2,0.04
79.98374710979189,21.23392752837519,0.7751862406730652,27.686000000000035,1351.996078907794,0.18710438907146454,Archean crystalline metamorphic rocks,0.3875492660258819,0,0,0.0
79.73221883023844,21.319267480366545,0.30131644010543823,31.162000000000035,1151.389725332887,0.33291658759117126,Archean crystalline metamorphic rocks,0.2190321981809783,0,0,0.0
79.7861177472856,21.189011764169216,0.1847328245639801,30.53742857142862,1182.481117944598,0.21060001850128174,Paleoproterozoic sedimentary rocks,0.35159315423737986,0,2,0.05
79.91637346348294,21.368674820993117,0.44456639885902405,30.77242424242428,1270.1576735565905,0.35359224677085876,Paleoproterozoic sedimentary rocks,0.24200527383596035,0,2,0.0
80.49129524531944,21.19350334058981,0.5920077562332153,30.377027027027054,1297.9394222404808,0.34823691844940186,Archean crystalline metamorphic rocks,0.7049168286737469,0,0,0.02
80.01967972115668,21.51240526645224,0.3458040952682495,30.81594594594594,1315.5749222834493,0.33621037006378174,Paleoproterozoic sedimentary rocks,0.27738400881643344,0,2,0.0075
80.27120800071015,21.27435171616057,0.3974895477294922,29.565000000000055,1273.0880364954937,0.3650016188621521,Archean crystalline metamorphic rocks,0.5783801148599904,0,0,0.0
80.3340900705985,21.88969768578244,0.7361303567886353,26.854102564102618,1684.9375273548067,0.205626979470253,Mesoproterozoic sedimentary and volcanic rocks,0.10203212306406038,0,1,0.0
80.24425854218656,21.13960442354264,0.7193558812141418,30.152857142857158,1253.2887424953515,0.21130429208278656,Archean crystalline metamorphic rocks,0.6399266767894662,0,0,0.0
80.41493844616927,21.382149550254912,0.3832319378852844,30.442777777777792,1340.265933254268,0.35634514689445496,Archean crystalline metamorphic rocks,0.5014554315221538,0,0,0.0
79.6019631140411,21.301301174684156,0.43735820055007935,30.241111111111138,1204.6409691635054,0.3881455063819885,Archean crystalline metamorphic rocks,0.2537875827073887,0,0,0.0
80.22629223650416,21.790883004529295,0.39476996660232544,30.139411764705926,1473.2007963137655,0.33885276317596436,Mesoproterozoic sedimentary and volcanic rocks,0.062349660093962964,0,1,0.03488461538461538
79.53009789131154,21.93461344998842,0.34335482120513916,30.27333333333337,1350.6170813654317,0.22417192161083221,Archean crystalline metamorphic rocks,0.3155322321521524,0,0,0.0025
80.43739632827226,21.23392752837519,0.46042439341545105,28.321282051282083,1288.6013779830555,0.3678550124168396,Archean crystalline metamorphic rocks,0.6488911943600854,0,0,0.005
79.85349139359457,21.561812607078817,0.644248902797699,29.855714285714328,1348.979020355735,0.34961286187171936,Mesoproterozoic sedimentary and volcanic rocks,0.11255696701833291,0,1,0.21203153988868273
80.48231209247824,21.08121393007487,0.6290038824081421,28.614324324324343,1302.2576396716759,0.15567679703235626,Mesoproterozoic sedimentary and volcanic rocks,0.8080358640623958,0,1,0.155
80.15442701377461,21.885206109361842,0.46481722593307495,29.42894736842112,1465.555868273601,0.3405480682849884,Mesoproterozoic sedimentary and volcanic rocks,0.09122480937730675,0,1,0.031614398462505175
80.23527538934536,21.10367181217786,0.4613059163093567,30.095405405405415,1253.2887424953515,0.21130429208278656,Archean crystalline metamorphic rocks,0.6561344118257855,0,0,0.0
80.05112075610086,21.413590585199096,0.667076826095581,29.076486486486544,1384.3017455789668,0.32147353887557983,Archean crystalline metamorphic rocks,0.33184789526785247,0,0,0.005
79.7861177472856,21.840290345155868,0.7224341034889221,27.618205128205148,1482.8316200572458,0.33827874064445496,Mesoproterozoic sedimentary and volcanic rocks,0.1719088167953337,0,1,0.13224137931034483
80.18586804871879,21.18002861132802,0.3624103367328644,31.4734285714286,1240.4467352575157,0.21130429208278656,Archean crystalline metamorphic rocks,0.5690851081206851,0,0,0.0
79.68281148961186,21.83130719231467,0.7357743978500366,27.738,1547.8085502617298,0.1907709687948227,Archean crystalline metamorphic rocks,0.15368860485350141,0,0,0.0025
79.63789572540588,21.858256650838257,0.7664074897766113,27.487058823529424,1580.1801837509806,0.1878073364496231,Archean crystalline metamorphic rocks,0.19410129604719595,0,0,0.005
79.70526937171485,21.25189383405758,0.29525482654571533,30.750000000000057,1121.3817129776521,0.337288498878479,Archean crystalline metamorphic rocks,0.2886563918009389,0,0,0.0
80.40146371690747,21.975037637773795,0.5500982403755188,29.182571428571464,1526.0619656853378,0.19491373002529144,Mesoproterozoic sedimentary and volcanic rocks,0.05567053601801085,0,1,0.4472857142857143
79.7861177472856,21.60672837128479,0.4024520218372345,30.920857142857187,1309.674628171866,0.34679946303367615,Mesoproterozoic sedimentary and volcanic rocks,0.0808714538364735,0,1,0.0773888888888889
80.24425854218656,21.265368563319374,0.32147669792175293,29.231111111111147,1313.1568556209095,0.3402428925037384,Archean crystalline metamorphic rocks,0.570186374188093,0,0,0.01
80.13196913167162,21.058756047971883,0.40058523416519165,30.97555555555556,1242.576578406617,0.3521232008934021,Archean crystalline metamorphic rocks,0.6169344827139565,0,0,0.0
80.45985421037524,21.337233786048934,0.3114432692527771,29.393783783783817,1306.2142276610248,0.3614220917224884,Archean crystalline metamorphic rocks,0.5598760724255976,0,0,0.0
79.53458946773213,21.85376507441766,0.7053235173225403,27.943333333333328,1469.504706750707,0.20967555046081543,Archean crystalline metamorphic rocks,0.2521263054435173,0,0,0.0
80.11400282598923,21.17553703490742,0.3313310444355011,31.255714285714305,1236.8991545329336,0.36964133381843567,Archean crystalline metamorphic rocks,0.518337549288153,0,0,0.0
79.68730306603246,21.952579755670808,0.33541759848594666,29.31555555555559,1478.5404816180817,0.3648316562175751,Archean crystalline metamorphic rocks,0.2724737144528641,0,0,0.0
80.44637948111345,21.49893053719045,0.4701298773288727,29.083513513513537,1401.6590787393507,0.3588860034942627,Archean crystalline metamorphic rocks,0.409171440629886,0,0,0.0
79.94332292200652,21.256385410478178,0.7527579665184021,27.77176470588239,1222.1182228161488,0.18710438907146454,Archean crystalline metamorphic rocks,0.345325358031285,0,0,0.0
79.82205035865039,21.427065314460886,0.3065963089466095,29.3013513513514,1250.6259650537422,0.34890779852867126,Archean crystalline metamorphic rocks,0.13594860980466966,0,0,0.0
80.28468272997193,21.55282945423762,0.3624161183834076,30.351111111111152,1427.5155260806948,0.34770867228507996,Archean crystalline metamorphic rocks,0.3024424025156735,0,0,0.0025
80.22180066008357,21.494438960769852,0.3310999572277069,29.78777777777782,1406.8859956299384,0.3488004505634308,Archean crystalline metamorphic rocks,0.3578439374710618,0,0,0.0025
79.94781449842712,21.88969768578244,0.7251655459403992,27.475789473684245,1519.5116955973208,0.3213130533695221,Mesoproterozoic sedimentary and volcanic rocks,0.29396769571038683,0,1,0.12224137931034482
80.43739632827226,21.418082161619694,0.3496647775173187,30.102432432432465,1357.1049813590944,0.35634514689445496,Archean crystalline metamorphic rocks,0.47684906822229284,0,0,0.0
79.87594927569755,21.638169406228975,0.5894039869308472,29.648857142857196,1387.6705804703806,0.33005791902542114,Mesoproterozoic sedimentary and volcanic rocks,0.16282349992642264,0,1,0.21948349537663311
79.68730306603246,21.692068323276146,0.6402877569198608,29.9594444444445,1339.0430793564947,0.3433015048503876,Mesoproterozoic sedimentary and volcanic rocks,0.03338835664391684,1,1,0.9983914655578114
79.6109462668823,21.206978069851605,0.4234287440776825,30.898888888888962,1212.5981507815914,0.3326903283596039,Archean crystalline metamorphic rocks,0.34326107428613317,0,0,0.0
79.91637346348294,21.867239803679453,0.773449182510376,27.551052631578955,1519.5116955973208,0.3213130533695221,Mesoproterozoic sedimentary and volcanic rocks,0.27061097997201927,0,1,0.12474137931034482
79.68281148961186,21.53486314855523,0.5718363523483276,29.458571428571418,1350.9495023600757,0.348714679479599,Mesoproterozoic sedimentary and volcanic rocks,0.01120519184081225,1,1,0.9989749017876823
80.3655311055427,21.813340886632282,0.751871645450592,26.36944444444447,1632.8831992223859,0.2900746464729309,Archean crystalline metamorphic rocks,0.13194084863673783,0,0,0.0
79.57950523193811,21.98402079061499,0.2787456512451172,30.575714285714298,1443.672988948354,0.36809125542640686,Archean crystalline metamorphic rocks,0.33275906204312783,0,0,0.0
80.04662917968027,21.202486493431007,0.660395085811615,29.712941176470622,1272.7278592941482,0.2155293971300125,Archean crystalline metamorphic rocks,0.4521896157599913,0,0,0.0025
79.89391558137994,21.94359660282961,0.7366201877593994,27.319714285714326,1552.9228814621456,0.3213130533695221,Mesoproterozoic sedimentary and volcanic rocks,0.31464051655914915,0,1,0.0325
80.25324169502775,21.678593594014355,0.461407870054245,30.038333333333355,1424.0866925753653,0.3530366122722626,Archean crystalline metamorphic rocks,0.17381654155086323,0,0,0.0
80.25324169502775,21.224944375533994,0.4129655063152313,29.17756756756762,1256.4274870203808,0.3402428925037384,Archean crystalline metamorphic rocks,0.5982199185415455,0,0,0.0125
79.55704734983513,21.449523196563874,0.6040118932723999,29.503157894736887,1301.2249445393682,0.36269015073776245,Mesoproterozoic sedimentary and volcanic rocks,0.15210103634231129,0,1,0.075
79.86247454643576,21.2159612226928,0.7933459281921387,29.174444444444475,1195.35571012786,0.32415854930877686,Paleoproterozoic sedimentary rocks,0.3433294584601114,0,2,0.0025
79.52560631489094,21.045281318710092,0.4406958222389221,32.79342857142859,1227.4021698702127,0.2158748358488083,Paleoproterozoic sedimentary rocks,0.38885335869389515,0,2,0.0
80.29815745923374,21.031806589448298,0.7556247711181641,30.33162162162165,1330.5934078851715,0.21337027847766876,Archean crystalline metamorphic rocks,0.7509387302810805,0,0,0.0
79.9702723805301,21.87173138010005,0.7374265193939209,28.8351428571429,1560.437444792129,0.3213130533695221,Mesoproterozoic sedimentary and volcanic rocks,0.2697969260715173,0,1,0.29
79.74120198307963,21.87622295652065,0.6079280376434326,28.44705882352946,1506.4647227097303,0.3327629566192627,Archean crystalline metamorphic rocks,0.195502131295544,0,0,0.0
80.49129524531944,21.494438960769852,0.40638765692710876,30.240270270270287,1413.8285675654188,0.3620050847530365,Archean crystalline metamorphic rocks,0.43729653181880007,0,0,0.0
80.26671642428956,21.912155567885428,0.7384271025657654,27.048918918918957,1709.9611137770116,0.1894979029893875,Mesoproterozoic sedimentary and volcanic rocks,0.066227542064108,0,1,0.04
80.22180066008357,21.593253642022997,0.31709927320480347,31.3423529411765,1469.9332746779546,0.34016817808151245,Archean crystalline metamorphic rocks,0.2591932022490205,0,0,0.0
79.67831991319126,21.62918625338778,0.6304774284362793,30.060000000000002,1302.9652273724787,0.34759292006492615,Mesoproterozoic sedimentary and volcanic rocks,0.06671978285265898,0,1,0.6165010217956648
79.57052207909692,21.579778912761206,0.523280918598175,29.431621621621673,1300.7500459738076,0.3591332733631134,Mesoproterozoic sedimentary and volcanic rocks,0.1116536077950146,0,1,0.0025
80.01518814473609,21.57079575992001,0.34506461024284363,30.196842105263215,1318.3544651401899,0.33621037006378174,Archean crystalline metamorphic rocks,0.2736790491971495,0,0,0.0025
79.58848838477931,21.912155567885428,0.3225444555282593,29.771714285714324,1366.266223490471,0.22417192161083221,Archean crystalline metamorphic rocks,0.2646727117736356,0,0,0.0025
80.45536263395465,21.2159612226928,0.4602774381637573,30.11947368421056,1303.8547248063508,0.3678550124168396,Archean crystalline metamorphic rocks,0.6715845881381471,0,0,0.0
80.33858164701911,21.93012187356782,0.7281261682510376,26.964594594594644,1593.1962412353605,0.205626979470253,Mesoproterozoic sedimentary and volcanic rocks,0.12578504018213213,0,1,0.0
79.57052207909692,21.620203100546586,0.6961013078689575,29.204358974359025,1304.3132999646477,0.3591332733631134,Archean crystalline metamorphic rocks,0.1303692439240446,0,0,0.0025
80.42392159901047,21.51240526645224,0.4393659234046936,29.510000000000048,1499.6317311830353,0.3588860034942627,Archean crystalline metamorphic rocks,0.38638919132497135,0,0,0.0
79.52111473847035,21.004857130924712,0.40110498666763306,32.728888888888946,1227.4021698702127,0.2158748358488083,Paleoproterozoic sedimentary rocks,0.4174071072902822,0,2,0.0
79.93433976916532,21.323759056787143,0.3224446773529053,29.692631578947385,1215.3664256434422,0.35359224677085876,Paleoproterozoic sedimentary rocks,0.28693364764947993,0,2,0.0025
80.20383435440118,21.431556890881485,0.37418171763420105,31.685428571428588,1374.8849654289625,0.3472551107406616,Archean crystalline metamorphic rocks,0.42179282376586896,0,0,0.0025
80.20383435440118,21.44054004372268,0.4236760139465332,31.25400000000002,1374.8849654289625,0.3472551107406616,Archean crystalline metamorphic rocks,0.41284223965312733,0,0,0.0025
80.06908706178325,21.305792751104754,0.745718240737915,28.221515151515177,1324.3424573834054,0.172118678689003,Archean crystalline metamorphic rocks,0.3999310057592366,0,0,0.0
80.14544386093341,21.12163811786025,0.34041333198547363,31.337428571428575,1244.9933998264605,0.36964133381843567,Archean crystalline metamorphic rocks,0.578740433815617,0,0,0.0
80.02866287399787,21.74147566390272,0.3419071435928345,30.781891891891917,1375.4953918354836,0.3370696008205414,Mesoproterozoic sedimentary and volcanic rocks,0.23783675566118287,0,1,0.03970740740740741
80.34756479986031,21.678593594014355,0.4292716085910797,30.73333333333335,1447.4966576262377,0.366982102394104,Archean crystalline metamorphic rocks,0.20428483762066563,0,0,0.0
79.64687887824708,21.826815615894073,0.686460018157959,28.62705882352941,1424.785930234521,0.1907709687948227,Archean crystalline metamorphic rocks,0.1618638265566752,0,0,0.005
79.65137045466767,21.39113270309611,0.4133048355579376,29.05333333333334,1180.114756713272,0.36521050333976746,Archean crystalline metamorphic rocks,0.1548483037208355,0,0,0.0
80.06459548536266,21.166553882066225,0.5063526630401611,31.448333333333323,1237.1997529973742,0.2239740937948227,Archean crystalline metamorphic rocks,0.49101405528775177,0,0,0.0
79.80857562938859,21.427065314460886,0.37692514061927795,29.571081081081104,1250.6259650537422,0.34890779852867126,Archean crystalline metamorphic rocks,0.12863189423649213,0,0,0.0
80.1679017430364,21.916647144306026,0.4548530876636505,29.321282051282083,1520.0793068269268,0.3405480682849884,Mesoproterozoic sedimentary and volcanic rocks,0.09644238800595824,0,1,0.12228571428571428
79.93883134558592,21.28782644542236,0.565463125705719,27.855405405405406,1222.1182228161488,0.35359224677085876,Paleoproterozoic sedimentary rocks,0.31741764160697133,0,2,0.0
79.64687887824708,21.83130719231467,0.7349636554718018,28.62705882352941,1424.785930234521,0.1907709687948227,Archean crystalline metamorphic rocks,0.16589524986904336,0,0,0.0
79.75018513592083,21.16206230564563,0.6856967210769653,29.55111111111114,1182.481117944598,0.21060001850128174,Paleoproterozoic sedimentary rocks,0.3760074836197855,0,2,0.005
79.68281148961186,21.323759056787143,0.4070015251636505,30.794571428571487,1168.174840099644,0.3354547917842865,Archean crystalline metamorphic rocks,0.22030290522535292,0,0,0.0
79.77264301802381,21.651644135490766,0.607723593711853,30.395945945945982,1382.9833197732805,0.34679946303367615,Mesoproterozoic sedimentary and volcanic rocks,0.06151077844614584,0,1,0.41943814750064745
80.22180066008357,21.148587576383836,0.7384105920791626,29.817567567567608,1253.2887424953515,0.21130429208278656,Archean crystalline metamorphic rocks,0.6167985715595227,0,0,0.0
80.26222484786895,21.979529214194393,0.7499061226844788,27.408888888888953,1621.027131780982,0.19422155618667603,Mesoproterozoic sedimentary and volcanic rocks,0.12971166110948223,0,1,0.025
80.12747755525102,21.13511284712204,0.37503498792648315,30.787714285714287,1244.9933998264605,0.36964133381843567,Archean crystalline metamorphic rocks,0.5565790494044136,0,0,0.0
79.98374710979189,21.687576746855548,0.39900028705596924,30.16771428571434,1405.9129361290204,0.3361535370349884,Mesoproterozoic sedimentary and volcanic rocks,0.26467847979173365,0,1,0.012384615384615385
80.32959849417792,21.31028432752535,0.36488303542137146,30.828918918918987,1300.260658483021,0.36880892515182495,Archean crystalline metamorphic rocks,0.5490391105023156,0,0,0.0
79.78162617086501,21.710034628958535,0.29920607805252075,30.74837837837839,1409.8130307945848,0.33860284090042114,Mesoproterozoic sedimentary and volcanic rocks,0.06850977033821233,0,1,0.01
80.33858164701911,21.25189383405758,0.5783027410507202,30.02600000000001,1273.9212499905261,0.3650016188621521,Archean crystalline metamorphic rocks,0.608112406755993,0,0,0.0025
79.85798297001517,21.808849310211684,0.36373716592788696,30.828285714285755,1462.5105368342718,0.3384265899658203,Mesoproterozoic sedimentary and volcanic rocks,0.18809255248437434,0,1,0.02
80.14095228451282,21.75944196958511,0.5117284059524536,30.60894736842107,1411.3104431165423,0.3293049931526184,Mesoproterozoic sedimentary and volcanic rocks,0.13497834646861795,0,1,0.0025
80.11849440240982,21.23841910479579,0.681541919708252,29.824117647058813,1251.4253968933078,0.33730900287628174,Archean crystalline metamorphic rocks,0.47999011083985205,0,0,0.0
79.90739031064174,21.449523196563874,0.45514583587646484,28.6608108108108,1308.3356995475478,0.3526172637939453,Archean crystalline metamorphic rocks,0.1862699769609025,0,0,0.0
79.66484518392947,21.642660982649573,0.6418404579162598,29.792285714285754,1302.9652273724787,0.34759292006492615,Mesoproterozoic sedimentary and volcanic rocks,0.06702165011872954,0,1,0.49527312862123535
80.34756479986031,21.521388419293437,0.4097222089767456,29.546875000000057,1428.52497927472,0.34770867228507996,Archean crystalline metamorphic rocks,0.3477359806243338,0,0,0.0025
80.49578682174003,21.305792751104754,0.4308539927005768,30.5923529411765,1306.2142276610248,0.3605744540691376,Archean crystalline metamorphic rocks,0.603281708155215,0,0,0.0
80.38349741122508,21.55732103065822,0.46692076325416565,30.155714285714282,1474.616830835119,0.3588860034942627,Archean crystalline metamorphic rocks,0.3279201022364363,0,0,0.0
79.5929799611999,21.66511886475256,0.6120576858520508,30.44081081081083,1350.2939138589652,0.3591332733631134,Archean crystalline metamorphic rocks,0.12726870061216378,0,0,0.0
79.66035360750887,21.849273497997064,0.7583538889884949,27.598000000000013,1547.8085502617298,0.1907709687948227,Archean crystalline metamorphic rocks,0.17732612624415756,0,0,0.0025
79.88493242853875,21.45850634940507,0.3244745135307312,29.481891891891905,1305.9918854014504,0.34890779852867126,Archean crystalline metamorphic rocks,0.16226404406839015,0,0,0.0
80.3340900705985,21.45850634940507,0.4109014570713043,30.233529411764778,1359.3228832744062,0.3642728626728058,Archean crystalline metamorphic rocks,0.4045984693856817,0,0,0.0
80.45985421037524,21.62469467696718,0.36492103338241577,30.197777777777787,1684.2332935351878,0.21089336276054382,Archean crystalline metamorphic rocks,0.3165899316626846,0,0,0.0275
79.69628621887365,21.224944375533994,0.11233378946781158,29.986666666666736,1206.6346504871844,0.3326903283596039,Archean crystalline metamorphic rocks,0.3166028082618541,0,0,0.0175
79.92086503990353,21.975037637773795,0.5124183297157288,28.9614285714286,1587.540545459371,0.3211599588394165,Mesoproterozoic sedimentary and volcanic rocks,0.34146479673346125,0,1,0.0875
80.37900583480449,21.87622295652065,0.7631774544715881,27.157894736842138,1569.49574091658,0.2301112860441208,Archean crystalline metamorphic rocks,0.12382617057316431,0,0,0.0
80.46434578679585,21.413590585199096,0.3950522840023041,30.47277777777782,1384.203532544314,0.3559163212776184,Archean crystalline metamorphic rocks,0.4926493158231657,0,0,0.0
80.23078381292477,21.49893053719045,0.3812308609485626,29.78777777777782,1406.8859956299384,0.3488004505634308,Archean crystalline metamorphic rocks,0.35302606796003994,0,0,0.0025
79.92086503990353,21.60672837128479,0.3988017737865448,30.650000000000034,1396.0709271996116,0.33052411675453186,Mesoproterozoic sedimentary and volcanic rocks,0.19023056256451093,0,1,0.0023
80.39697214048688,21.867239803679453,0.7291910648345947,27.434864864864892,1569.49574091658,0.2301112860441208,Archean crystalline metamorphic rocks,0.12107152596764936,0,0,0.0
80.31612376491613,21.656135711911364,0.38388875126838684,30.63971428571432,1447.4966576262377,0.36199405789375305,Archean crystalline metamorphic rocks,0.21024180768245104,0,0,0.0
79.55704734983513,21.25189383405758,0.48099005222320557,31.014705882352985,1189.878205745481,0.36699944734573364,Archean crystalline metamorphic rocks,0.3000264561540271,0,0,0.0
80.09603652030684,21.247402257636985,0.4507003426551819,30.127647058823584,1235.316574092292,0.33730900287628174,Archean crystalline metamorphic rocks,0.4568905338614399,0,0,0.0
79.53458946773213,21.000365554504114,0.4736842215061188,32.09722222222223,1227.4021698702127,0.3585145175457001,Paleoproterozoic sedimentary rocks,0.4291854648633107,0,2,0.0
79.84450824075337,21.957071332091406,0.6596173048019409,29.341111111111104,1484.9449688783498,0.3377130925655365,Archean crystalline metamorphic rocks,0.30232498654291723,0,0,0.0
80.04662917968027,21.359691668151925,0.4486703872680664,28.53324324324325,1285.3971305671148,0.172118678689003,Archean crystalline metamorphic rocks,0.35170563346909245,0,0,0.0075
80.1634101666158,21.732492511061526,0.3353726267814636,30.702972972972987,1444.3862463646112,0.3293049931526184,Archean crystalline metamorphic rocks,0.14146256923552228,0,0,0.0
79.68281148961186,21.85376507441766,0.7621866464614868,27.239444444444473,1478.4167749066837,0.1907709687948227,Archean crystalline metamorphic rocks,0.17559069716756406,0,0,0.0
80.12298597883043,21.471981078666865,0.4088013768196106,30.500810810810833,1395.1988593141868,0.3384239673614502,Archean crystalline metamorphic rocks,0.3852072252962745,0,0,0.0
79.67382833677067,21.710034628958535,0.5700253248214722,30.60729729729735,1410.5769954997404,0.3433015048503876,Mesoproterozoic sedimentary and volcanic rocks,0.05328814839167279,0,1,0.3199652777777778
80.19485120155998,21.427065314460886,0.39553138613700867,31.685428571428588,1350.9601712133735,0.3472551107406616,Archean crystalline metamorphic rocks,0.42711061222817187,0,0,0.0025
80.40146371690747,21.305792751104754,0.4348182678222656,30.938333333333333,1310.1205169013701,0.3614220917224884,Archean crystalline metamorphic rocks,0.5696202173493912,0,0,0.0
79.82205035865039,21.23392752837519,0.11587982624769211,30.188918918918944,1206.0563551590828,0.32415854930877686,Paleoproterozoic sedimentary rocks,0.3140691815633981,0,2,0.055
79.7861177472856,21.10367181217786,0.7219469547271729,30.935000000000002,1164.2265489537253,0.21060001850128174,Paleoproterozoic sedimentary rocks,0.4364259832940859,0,2,0.0075
80.45087105753404,21.094688659336665,0.5514429211616516,30.140000000000043,1302.2576396716759,0.1526942402124405,Mesoproterozoic sedimentary and volcanic rocks,0.7861583296881579,0,1,0.24738461538461537
79.92086503990353,21.19799491701041,0.7852778434753418,29.664705882352962,1239.1280960799195,0.18710438907146454,Archean crystalline metamorphic rocks,0.3835045098065921,0,0,0.0175
79.54806419699393,21.76393354600571,0.2912144660949707,30.437647058823586,1328.30781313671,0.20967555046081543,Archean crystalline metamorphic rocks,0.18968574971946442,0,0,0.0
79.86696612285635,21.921138720726624,0.7330812811851501,28.040588235294138,1552.9228814621456,0.3158356845378876,Mesoproterozoic sedimentary and volcanic rocks,0.2811713164731766,0,1,0.0325
79.98374710979189,21.44054004372268,0.43870797753334045,31.06600000000003,1306.9905641406876,0.3526172637939453,Paleoproterozoic sedimentary rocks,0.2592849328913061,0,2,0.0
79.68730306603246,21.090197082916067,0.45223289728164673,30.36743589743594,1235.6981056854129,0.21408402919769287,Paleoproterozoic sedimentary rocks,0.45132278539557025,0,2,0.0
79.53908104415274,21.66961044117316,0.524035632610321,30.37810810810811,1301.0898754028603,0.3443959355354309,Archean crystalline metamorphic rocks,0.18047074478811514,0,0,0.005
80.02866287399787,21.561812607078817,0.4655776023864746,30.083846153846196,1318.3544651401899,0.33621037006378174,Archean crystalline metamorphic rocks,0.2861744847561235,0,0,0.0
80.3520563762809,21.799866157370488,0.737827718257904,27.294571428571487,1730.4673214545473,0.2071407586336136,Archean crystalline metamorphic rocks,0.1241310397744827,0,0,0.0
79.83103351149158,21.44503162014328,0.4399779736995697,29.534864864864915,1250.6259650537422,0.34890779852867126,Archean crystalline metamorphic rocks,0.12771294568400846,0,0,0.0
79.84450824075337,21.543846301396425,0.31907397508621216,30.151081081081088,1392.5254103987245,0.34961286187171936,Mesoproterozoic sedimentary and volcanic rocks,0.10119667901522172,0,1,0.0875
80.12298597883043,21.898680838623637,0.353702187538147,29.291621621621687,1440.4953480735421,0.3405480682849884,Mesoproterozoic sedimentary and volcanic rocks,0.12541999001881657,0,1,0.11694406879217549
79.88942400495935,21.471981078666865,0.3635661005973816,29.930000000000007,1305.9918854014504,0.3526172637939453,Archean crystalline metamorphic rocks,0.16018573917796555,0,0,0.0
80.22180066008357,21.314775903945947,0.37665197253227234,31.09114285714287,1330.0916985368312,0.36665797233581543,Archean crystalline metamorphic rocks,0.5278485725128474,0,0,0.0
80.02417129757728,21.153079152804434,0.4399455487728119,30.28542857142861,1226.7693939155433,0.2239740937948227,Archean crystalline metamorphic rocks,0.47640252062548105,0,0,0.0
79.51213158562915,21.08570550649547,0.6006679534912109,30.434000000000026,1220.5251177947503,0.2158748358488083,Archean crystalline metamorphic rocks,0.34993974610276213,0,0,0.0
80.06459548536266,21.804357733791086,0.34859350323677063,30.500000000000057,1426.7555650808954,0.34679049253463745,Mesoproterozoic sedimentary and volcanic rocks,0.18108022467397217,0,1,0.0525
80.41493844616927,21.638169406228975,0.6634069681167603,30.207142857142912,1518.314540898893,0.21089336276054382,Archean crystalline metamorphic rocks,0.276580724830083,0,0,0.0025
79.67382833677067,21.912155567885428,0.5787996053695679,28.195945945945937,1485.3507175086997,0.1878073364496231,Archean crystalline metamorphic rocks,0.23459964787120083,0,0,0.005
80.11849440240982,21.804357733791086,0.34298989176750183,32.16225806451615,1434.1820354075985,0.3391132354736328,Mesoproterozoic sedimentary and volcanic rocks,0.12984025577763006,0,1,0.0025
79.88044085211816,21.75944196958511,0.3482411503791809,30.418888888888944,1389.961967805646,0.33577996492385864,Mesoproterozoic sedimentary and volcanic rocks,0.17895135480613678,0,1,0.0173
80.28917430639254,21.701051476117343,0.34912818670272827,30.661351351351414,1420.4125184070836,0.366982102394104,Archean crystalline metamorphic rocks,0.15882366445025872,0,0,0.0
80.00171341547428,21.278843292581165,0.7606419920921326,27.822941176470636,1312.766569953572,0.2155293971300125,Archean crystalline metamorphic rocks,0.3658577306848004,0,0,0.0
80.27569957713074,21.68308517043495,0.3384113311767578,30.502972972972998,1424.0866925753653,0.366982102394104,Archean crystalline metamorphic rocks,0.17264092804963937,0,0,0.0
79.96578080410951,21.961562908512004,0.7388622164726257,27.623142857142852,1619.910979882814,0.3211599588394165,Mesoproterozoic sedimentary and volcanic rocks,0.29473498133813697,0,1,0.0
80.43739632827226,21.018331860186507,-0.41112619638442993,28.983846153846173,1309.1854514991865,0.1526942402124405,Mesoproterozoic sedimentary and volcanic rocks,0.8567294696409705,0,1,0.1675
79.57052207909692,21.754950393164513,0.7149717211723328,30.092285714285765,1409.9040796620632,0.3443959355354309,Archean crystalline metamorphic rocks,0.16555878579559874,0,0,0.0175
79.57501365551752,21.885206109361842,0.7354568243026733,27.902352941176503,1497.9831720574784,0.22417192161083221,Archean crystalline metamorphic rocks,0.24914544740559297,0,0,0.0
79.70077779529424,21.467489502246266,0.33450087904930115,29.179729729729786,1288.1652489184635,0.35574373602867126,Mesoproterozoic sedimentary and volcanic rocks,0.08030466816644131,0,1,0.04
80.46883736321644,21.74147566390272,0.4927835166454315,28.871714285714347,1759.4461028256749,0.19933061301708221,Archean crystalline metamorphic rocks,0.2311670851342124,0,0,0.0125
80.18586804871879,21.826815615894073,0.2733056843280792,31.613636363636374,1473.1030425956292,0.33885276317596436,Mesoproterozoic sedimentary and volcanic rocks,0.05903975285413266,0,1,0.0025
80.1903596251394,21.06773920081308,0.6187387108802795,30.052941176470597,1292.3210259643383,0.20042899250984192,Archean crystalline metamorphic rocks,0.648734170467862,0,0,0.0
79.66933676035006,21.939105026409013,0.6587007641792297,27.52135135135137,1485.3507175086997,0.1878073364496231,Archean crystalline metamorphic rocks,0.26191043332251573,0,0,0.0025
79.96128922768891,21.593253642022997,0.38342413306236267,30.987142857142885,1387.6497497412965,0.33052411675453186,Archean crystalline metamorphic rocks,0.22470585139333055,0,0,0.0
79.63340414898529,21.561812607078817,0.6543058753013611,29.507142857142867,1290.0002095513046,0.348714679479599,Mesoproterozoic sedimentary and volcanic rocks,0.046438482833392296,1,1,0.9986050251729595
80.3340900705985,21.615711524125988,0.3092607259750366,31.620000000000005,1477.6186303943396,0.36199405789375305,Archean crystalline metamorphic rocks,0.25444278437979645,0,0,0.0
79.74569355950022,21.55732103065822,0.30811622738838196,29.96529411764709,1299.3397719450295,0.3395078480243683,Mesoproterozoic sedimentary and volcanic rocks,0.019437483138094114,1,1,0.4647938420348059
79.63340414898529,21.772916698846903,0.7254963517189026,29.243888888888932,1455.5694312068122,0.1907709687948227,Archean crystalline metamorphic rocks,0.12497879328727247,0,0,0.005
80.1813764722982,21.12163811786025,0.36794066429138184,30.787837837837856,1247.3112486999016,0.21130429208278656,Archean crystalline metamorphic rocks,0.6042506637876359,0,0,0.0
80.12747755525102,21.993003943456188,0.4881720542907715,28.742105263157953,1569.7552843187004,0.32556605339050293,Mesoproterozoic sedimentary and volcanic rocks,0.1800996960026082,0,1,0.02
80.29366588281313,21.476472655087463,0.3211331069469452,30.388235294117692,1382.5194917246922,0.3642728626728058,Archean crystalline metamorphic rocks,0.37929162858299853,0,0,0.0
80.27120800071015,21.62469467696718,0.4424894154071808,29.956111111111113,1442.0143674667925,0.36199405789375305,Archean crystalline metamorphic rocks,0.22938336502970266,0,0,0.0
79.57052207909692,21.633677829808377,0.5924170613288879,30.21157894736848,1304.3132999646477,0.3591332733631134,Archean crystalline metamorphic rocks,0.13868050915180002,0,0,0.0
80.3745142583839,21.71901778179973,0.45603814721107483,30.423513513513512,1487.0553937400473,0.20631913840770721,Archean crystalline metamorphic rocks,0.1895213885924689,0,0,0.0
79.95230607484771,21.61121994770539,0.4054901897907257,30.633428571428567,1412.9690522791998,0.33052411675453186,Mesoproterozoic sedimentary and volcanic rocks,0.2212872024752584,0,1,0.0
80.3655311055427,21.83579876873527,0.7585756182670593,27.761666666666713,1632.8831992223859,0.2900746464729309,Archean crystalline metamorphic rocks,0.12721219675972956,0,0,0.0
79.53908104415274,21.2159612226928,0.5166320204734802,31.696666666666715,1207.3539626896381,0.36699944734573364,Archean crystalline metamorphic rocks,0.29578984982396195,0,0,0.0
79.84899981717398,21.202486493431007,0.7111716866493225,29.52222222222224,1206.0563551590828,0.32415854930877686,Paleoproterozoic sedimentary rocks,0.3517249710736805,0,2,0.0025
79.95679765126832,21.844781921576466,0.4032496213912964,29.29111111111115,1481.6317830537723,0.3441102206707001,Mesoproterozoic sedimentary and volcanic rocks,0.28262681870992795,0,1,0.07688038548752835
80.02417129757728,21.55282945423762,-0.06744185835123062,30.194102564102593,1318.3544651401899,0.33621037006378174,Archean crystalline metamorphic rocks,0.28108223131232735,0,0,0.02
79.64238730182647,21.27435171616057,0.4476087987422943,31.02878787878791,1198.0107025130892,0.3326903283596039,Archean crystalline metamorphic rocks,0.2717347358851595,0,0,0.0
79.64687887824708,21.79537458094989,0.7454782724380493,28.523142857142886,1455.5694312068122,0.1907709687948227,Archean crystalline metamorphic rocks,0.13446303494390577,0,0,0.0
79.51662316204975,21.903172415044235,0.732993483543396,29.581666666666706,1350.6170813654317,0.22417192161083221,Archean crystalline metamorphic rocks,0.29989710804011777,0,0,0.0025
80.29366588281313,21.08121393007487,0.7100504040718079,30.283513513513526,1279.7103723557666,0.21337027847766876,Archean crystalline metamorphic rocks,0.7150994022832777,0,0,0.0
80.47782051605763,21.925630297147222,0.6815884709358215,28.727777777777817,1554.0434405151755,0.20386037230491638,Archean crystalline metamorphic rocks,0.05111459700028769,0,0,0.0075
80.32959849417792,21.61121994770539,0.2747098207473755,31.48722222222227,1477.6186303943396,0.36199405789375305,Archean crystalline metamorphic rocks,0.257005026627572,0,0,0.0
79.54806419699393,21.480964231508057,0.3079380691051483,30.03864864864869,1295.7522094473243,0.35054153203964233,Mesoproterozoic sedimentary and volcanic rocks,0.14285434281337744,0,1,0.065
80.49578682174003,21.090197082916067,0.7162894606590271,29.290555555555557,1302.2576396716759,0.15567679703235626,Mesoproterozoic sedimentary and volcanic rocks,0.803670803252241,0,1,0.4296351118760757
79.65586203108828,21.323759056787143,0.3441382944583893,31.100303030303053,1168.174840099644,0.3354547917842865,Archean crystalline metamorphic rocks,0.22115014707884087,0,0,0.0
80.28917430639254,21.42257373804029,0.33991169929504395,31.04666666666668,1359.3085076419761,0.3642728626728058,Archean crystalline metamorphic rocks,0.4321626331981405,0,0,0.0
79.74569355950022,21.656135711911364,0.6350092887878418,30.74333333333334,1394.4434460894336,0.34679946303367615,Mesoproterozoic sedimentary and volcanic rocks,0.03705659269526742,1,1,0.3769116924741924
79.54357262057333,21.17553703490742,0.4624800384044647,31.883939393939443,1197.676077640088,0.21463912725448608,Archean crystalline metamorphic rocks,0.31848690356208037,0,0,0.0
80.15442701377461,21.867239803679453,0.33774274587631226,29.74052631578951,1465.555868273601,0.3405480682849884,Mesoproterozoic sedimentary and volcanic rocks,0.08629188646270815,0,1,0.1471856146858953
80.03315445041848,21.83579876873527,0.3499469757080078,31.458823529411802,1365.0241579985561,0.34679049253463745,Mesoproterozoic sedimentary and volcanic rocks,0.206805632731162,0,1,0.05988888888888889
79.55255577341453,21.970546061353197,0.6065163016319275,30.072285714285726,1443.672988948354,0.36809125542640686,Archean crystalline metamorphic rocks,0.33319944883604313,0,0,0.0
80.04213760325966,21.543846301396425,0.4018348753452301,29.65051282051286,1315.5749222834493,0.33621037006378174,Archean crystalline metamorphic rocks,0.29871462367750257,0,0,0.0
80.30264903565433,21.265368563319374,0.4824432134628296,30.26777777777778,1273.9212499905261,0.3650016188621521,Archean crystalline metamorphic rocks,0.5898919688827405,0,0,0.0
80.21281750724238,21.144095999963238,0.4879581034183502,30.12621621621622,1253.2887424953515,0.21130429208278656,Archean crystalline metamorphic rocks,0.6127364320239542,0,0,0.0
79.56603050267633,21.46299792582567,0.7452574372291565,28.830526315789484,1282.6558545976877,0.36269015073776245,Mesoproterozoic sedimentary and volcanic rocks,0.1367835398741241,0,1,0.05
79.85349139359457,21.476472655087463,0.3741101920604706,30.717428571428627,1305.9918854014504,0.34890779852867126,Archean crystalline metamorphic rocks,0.1260529711649118,0,0,0.0
79.5974715376205,21.51240526645224,0.38662487268447876,29.674324324324346,1294.2718666419387,0.35054153203964233,Mesoproterozoic sedimentary and volcanic rocks,0.08488910455722057,0,1,0.005
80.1813764722982,21.81783246305288,0.31621232628822327,31.56878787878793,1473.1030425956292,0.33885276317596436,Mesoproterozoic sedimentary and volcanic rocks,0.06720642666877634,0,1,0.0025
80.48680366889883,21.64715255907017,0.741268515586853,27.156857142857177,1684.2332935351878,0.2829398512840271,Archean crystalline metamorphic rocks,0.32115808827910447,0,0,0.0
79.93433976916532,21.17553703490742,0.33243462443351746,31.119411764705887,1239.1280960799195,0.2166285663843155,Archean crystalline metamorphic rocks,0.40965119541976536,0,0,0.0
80.1679017430364,21.898680838623637,0.3591000735759735,29.498205128205143,1465.555868273601,0.3405480682849884,Mesoproterozoic sedimentary and volcanic rocks,0.08541486719595716,0,1,0.08190783690811752
79.73671040665903,21.476472655087463,0.707454264163971,28.170000000000016,1288.1652489184635,0.35574373602867126,Mesoproterozoic sedimentary and volcanic rocks,0.06190857947721589,0,1,0.02
79.61992941972349,21.08121393007487,0.3213213086128235,29.190000000000055,1257.4288826077827,0.21408402919769287,Paleoproterozoic sedimentary rocks,0.4343313514477837,0,2,0.0175
79.77264301802381,21.997495519876782,0.37985724210739136,28.661428571428644,1497.1782932765782,0.3689846694469452,Archean crystalline metamorphic rocks,0.32003059197139716,0,0,0.0
80.37900583480449,21.575287336340608,0.3428647220134735,30.40833333333336,1474.616830835119,0.21089336276054382,Archean crystalline metamorphic rocks,0.30983258232418603,0,0,0.0
79.80857562938859,21.93012187356782,0.3435426354408264,29.36222222222227,1499.5587011602474,0.3158356845378876,Archean crystalline metamorphic rocks,0.2637797081955133,0,0,0.0025
79.54806419699393,21.33274220962834,0.49936142563819885,30.494242424242486,1221.8037364520133,0.3881455063819885,Archean crystalline metamorphic rocks,0.2470897278367864,0,0,0.0
79.63340414898529,21.39113270309611,0.4190637469291687,29.708947368421093,1216.4281045072712,0.36521050333976746,Archean crystalline metamorphic rocks,0.15873155510592957,0,0,0.0
80.37002268196329,21.476472655087463,0.3208053708076477,30.97277777777782,1393.4281268613413,0.35634514689445496,Archean crystalline metamorphic rocks,0.39747881979953376,0,0,0.0
79.63789572540588,21.880714532941244,0.6815240979194641,27.605428571428604,1580.1801837509806,0.1878073364496231,Archean crystalline metamorphic rocks,0.21470368958567237,0,0,0.0175
80.41493844616927,21.799866157370488,0.7824296355247498,27.672424242424256,1855.2477019317448,0.2900746464729309,Archean crystalline metamorphic rocks,0.17754786624887697,0,0,0.0
80.14095228451282,21.153079152804434,0.41534990072250366,31.551176470588302,1236.8991545329336,0.36964133381843567,Archean crystalline metamorphic rocks,0.553313630844689,0,0,0.0
80.02866287399787,21.862748227258855,0.30968186259269714,31.283529411764732,1421.7040712172166,0.34585919976234436,Mesoproterozoic sedimentary and volcanic rocks,0.21095466810793148,0,1,0.0175
80.28019115355134,21.642660982649573,0.40402910113334656,30.17277777777781,1442.0143674667925,0.36199405789375305,Archean crystalline metamorphic rocks,0.21314418522409828,0,0,0.0
79.80857562938859,21.907663991464833,0.3749333322048187,29.180000000000007,1499.5587011602474,0.3158356845378876,Mesoproterozoic sedimentary and volcanic rocks,0.24277191929789368,0,1,0.12978571428571428
80.1634101666158,21.597745218443595,0.36883851885795593,30.952105263157932,1420.718883002959,0.3323935866355896,Archean crystalline metamorphic rocks,0.2652084026244274,0,0,0.0
80.45536263395465,21.337233786048934,0.334536075592041,29.220000000000027,1306.2142276610248,0.3614220917224884,Archean crystalline metamorphic rocks,0.5581222464168493,0,0,0.0
79.81755878222978,21.61121994770539,0.6861243844032288,29.553888888888935,1300.7126155488659,0.33005791902542114,Mesoproterozoic sedimentary and volcanic rocks,0.10415067171973756,0,1,0.35171550633793575
80.22180066008357,21.323759056787143,0.3511607348918915,31.317428571428593,1330.0916985368312,0.36665797233581543,Archean crystalline metamorphic rocks,0.5241126983105632,0,0,0.0
80.08705336746564,21.593253642022997,0.3140018880367279,30.513888888888914,1346.751489913113,0.3323935866355896,Archean crystalline metamorphic rocks,0.3001060281262433,0,0,0.0
79.89840715780055,21.305792751104754,0.4486921429634094,31.390606060606103,1188.2715714109363,0.35359224677085876,Paleoproterozoic sedimentary rocks,0.2791545717136495,0,2,0.0
79.96578080410951,21.189011764169216,0.774151086807251,29.155454545454575,1247.6975023902487,0.2166285663843155,Archean crystalline metamorphic rocks,0.41378426277558417,0,0,0.0
80.30264903565433,21.33274220962834,0.41304346919059753,30.723142857142875,1300.260658483021,0.36880892515182495,Archean crystalline metamorphic rocks,0.5229575060787017,0,0,0.0
80.3745142583839,21.157570729225032,0.38807713985443115,30.82666666666671,1288.1696128235199,0.15049013495445251,Archean crystalline metamorphic rocks,0.7073196116693986,0,0,0.0175
79.57950523193811,21.53486314855523,0.666886568069458,29.096486486486526,1294.2718666419387,0.35054153203964233,Mesoproterozoic sedimentary and volcanic rocks,0.09719786649412734,0,1,0.13995689655172414
80.22180066008357,21.171045458486823,0.6847977638244629,30.28888888888895,1266.6152435080148,0.21130429208278656,Archean crystalline metamorphic rocks,0.6028711542201671,0,0,0.0
79.84450824075337,21.939105026409013,0.6984924674034119,28.672702702702736,1499.5587011602474,0.3158356845378876,Archean crystalline metamorphic rocks,0.2860736134436107,0,0,0.0
79.94781449842712,21.83579876873527,0.44264084100723267,29.82000000000005,1468.148109582149,0.3441102206707001,Mesoproterozoic sedimentary and volcanic rocks,0.2756093195030423,0,1,0.046578166578447204
80.12298597883043,21.224944375533994,0.4486192762851715,29.96085714285715,1251.4253968933078,0.33730900287628174,Archean crystalline metamorphic rocks,0.4919703986931812,0,0,0.0
80.22180066008357,21.18002861132802,0.6752613186836243,30.261176470588282,1266.6152435080148,0.21130429208278656,Archean crystalline metamorphic rocks,0.5974456699134241,0,0,0.0
79.72323567739724,21.157570729225032,0.7286432385444641,29.94157894736844,1258.0677140689804,0.21060001850128174,Paleoproterozoic sedimentary rocks,0.38097752078755776,0,2,0.0075
79.5974715376205,21.51240526645224,0.38662487268447876,29.674324324324346,1294.2718666419387,0.35054153203964233,Mesoproterozoic sedimentary and volcanic rocks,0.08488910455722057,0,1,0.005
79.61992941972349,21.7818998516881,0.7332656979560852,29.128888888888923,1455.5694312068122,0.1907709687948227,Archean crystalline metamorphic rocks,0.14080530433395094,0,0,0.005
80.06459548536266,21.46299792582567,0.6676123738288879,29.68189189189195,1343.1446899981092,0.32147353887557983,Paleoproterozoic sedimentary rocks,0.3297604679333595,0,2,0.07484472049689442
79.57501365551752,21.148587576383836,0.45808637142181396,31.079411764705924,1223.5926653312054,0.21463912725448608,Archean crystalline metamorphic rocks,0.3593480447958326,0,0,0.0
79.56603050267633,21.521388419293437,0.44574692845344543,29.886756756756824,1294.2718666419387,0.35054153203964233,Mesoproterozoic sedimentary and volcanic rocks,0.11253342470814744,0,1,0.0125
80.12298597883043,21.202486493431007,0.4885745346546173,30.577222222222247,1251.4253968933078,0.33730900287628174,Archean crystalline metamorphic rocks,0.5065578066009748,0,0,0.0
79.87145769927696,21.83130719231467,0.3491854965686798,30.97388888888895,1462.5105368342718,0.3384265899658203,Mesoproterozoic sedimentary and volcanic rocks,0.2133204997576508,0,1,0.0075
79.52560631489094,21.413590585199096,0.5885337591171265,29.91171428571431,1360.1497156769037,0.36269015073776245,Mesoproterozoic sedimentary and volcanic rocks,0.19924568262711032,0,1,0.065
79.6244209961441,21.38664112667551,0.40472954511642456,30.018947368421095,1216.4281045072712,0.36521050333976746,Archean crystalline metamorphic rocks,0.16564945681382762,0,0,0.0
80.31163218849552,21.489947384349254,0.6096676588058472,29.92705882352942,1359.3228832744062,0.34770867228507996,Archean crystalline metamorphic rocks,0.36905611160164453,0,0,0.0225
79.72323567739724,21.849273497997064,0.7231897115707397,27.196111111111122,1554.58797467924,0.33827874064445496,Archean crystalline metamorphic rocks,0.16735291706348365,0,0,0.0
79.64687887824708,21.076722353654276,0.38640570640563965,29.53000000000003,1257.4288826077827,0.21408402919769287,Paleoproterozoic sedimentary rocks,0.4588866131388595,0,2,0.0
80.22180066008357,21.539354724975826,0.41342172026634216,30.61222222222227,1415.8419310921017,0.3488004505634308,Archean crystalline metamorphic rocks,0.31298987210302426,0,0,0.0
80.28917430639254,21.045281318710092,0.6412729024887085,29.956842105263206,1330.5934078851715,0.21337027847766876,Archean crystalline metamorphic rocks,0.7352304600565185,0,0,0.0025
80.42841317543106,21.503422113611048,0.40053051710128784,29.43216216216217,1499.6317311830353,0.3588860034942627,Archean crystalline metamorphic rocks,0.39642686697394736,0,0,0.0
79.98374710979189,21.975037637773795,0.4719955027103424,28.5961111111111,1619.910979882814,0.3211599588394165,Mesoproterozoic sedimentary and volcanic rocks,0.2837254584651699,0,1,0.015
79.93883134558592,21.39113270309611,0.3396419584751129,30.58657142857146,1270.1576735565905,0.3526172637939453,Paleoproterozoic sedimentary rocks,0.2444076278842853,0,2,0.0
79.56153892625572,21.476472655087463,0.655304491519928,28.864736842105287,1282.6558545976877,0.36269015073776245,Mesoproterozoic sedimentary and volcanic rocks,0.13311578686689726,0,1,0.0575
79.92086503990353,21.72350935822033,0.32492291927337646,29.98555555555555,1411.765670622816,0.3361535370349884,Mesoproterozoic sedimentary and volcanic rocks,0.20596909591654902,0,1,0.2173131657063035
80.48231209247824,21.575287336340608,0.4105648398399353,29.79000000000002,1506.4317133622244,0.2829398512840271,Archean crystalline metamorphic rocks,0.3681384900161287,0,0,0.005
80.33858164701911,21.939105026409013,0.7442031502723694,27.034864864864915,1593.1962412353605,0.205626979470253,Mesoproterozoic sedimentary and volcanic rocks,0.12306102431254853,0,1,0.0
80.08705336746564,21.57079575992001,0.3876291811466217,29.81222222222226,1346.751489913113,0.3464374542236328,Paleoproterozoic sedimentary rocks,0.31966102729762447,0,2,0.05496376811594203
80.10052809672743,21.06324762439248,0.3869239091873169,30.81588235294123,1242.576578406617,0.3521232008934021,Archean crystalline metamorphic rocks,0.5940392719923248,0,0,0.0
79.53458946773213,21.18002861132802,0.5050258040428162,31.840303030303062,1197.676077640088,0.21463912725448608,Archean crystalline metamorphic rocks,0.30847008313645635,0,0,0.0
80.39248056406628,21.202486493431007,0.299692839384079,28.80578947368423,1275.0451440666802,0.3678550124168396,Archean crystalline metamorphic rocks,0.6671807231602751,0,0,0.0
79.74569355950022,21.269860139739972,0.32741397619247437,31.71157894736848,1121.3817129776521,0.337288498878479,Archean crystalline metamorphic rocks,0.268158996498595,0,0,0.0
79.5839968083587,21.2159612226928,0.4571583569049835,31.196666666666715,1249.0603590304381,0.36699944734573364,Archean crystalline metamorphic rocks,0.3372133196614068,0,0,0.0
80.08705336746564,21.66511886475256,0.3605796992778778,30.8055555555556,1381.1306819492975,0.3323935866355896,Archean crystalline metamorphic rocks,0.24095567525626096,0,0,0.0
79.54357262057333,21.633677829808377,0.6814503073692322,29.54421052631585,1312.5512942953173,0.3591332733631134,Archean crystalline metamorphic rocks,0.16018295397290644,0,0,0.0025
80.30714061207493,21.73698408748212,0.38633817434310913,30.758108108108104,1450.0985103262474,0.366982102394104,Archean crystalline metamorphic rocks,0.1333879023062907,0,0,0.0
80.12747755525102,21.27435171616057,0.6803773641586304,28.968823529411793,1293.4784002202578,0.33730900287628174,Archean crystalline metamorphic rocks,0.46580018578346316,0,0,0.005
80.3565479527015,21.588762065602403,0.3425975441932678,30.456111111111113,1474.616830835119,0.36199405789375305,Archean crystalline metamorphic rocks,0.288019932675329,0,0,0.0
80.1634101666158,21.9660544849326,0.6947999596595764,29.366842105263174,1764.1784455627203,0.32556605339050293,Mesoproterozoic sedimentary and volcanic rocks,0.13713756354804724,0,1,0.175
79.75467671234142,21.319267480366545,0.24972067773342133,30.796486486486515,1138.0271457998315,0.33291658759117126,Archean crystalline metamorphic rocks,0.2190288936712436,0,0,0.0025
79.85349139359457,21.525879995714035,0.5267218947410583,31.10055555555556,1367.2658166361507,0.34961286187171936,Archean crystalline metamorphic rocks,0.11067810860597066,0,0,0.0025
80.25773327144836,21.507913690031643,0.49602413177490234,29.759142857142876,1401.071698475195,0.3488004505634308,Archean crystalline metamorphic rocks,0.34443099241829767,0,0,0.0
79.77264301802381,21.543846301396425,0.7538779973983765,29.06657142857148,1475.7091739802854,0.3395078480243683,Mesoproterozoic sedimentary and volcanic rocks,0.029741285013376615,1,1,0.9989825075034434
79.81306720580919,21.072230777233678,0.3377630114555359,31.932222222222265,1208.6654185069492,0.35517966747283936,Paleoproterozoic sedimentary rocks,0.47094868464953704,0,2,0.0
80.19934277798059,21.81783246305288,0.4534111022949219,31.055294117647065,1473.1030425956292,0.33885276317596436,Mesoproterozoic sedimentary and volcanic rocks,0.05250575912853367,0,1,0.0075
80.04213760325966,21.925630297147222,0.34894612431526184,29.68513513513517,1438.3498415071517,0.34585919976234436,Mesoproterozoic sedimentary and volcanic rocks,0.21054761278938228,0,1,0.19690783690811753
79.49865685636736,21.0228234366071,0.46117648482322693,33.386000000000024,1183.2532470866572,0.3647095859050751,Paleoproterozoic sedimentary rocks,0.3896021083461863,0,2,0.0
79.56153892625572,21.701051476117343,0.7156829833984375,30.080857142857155,1415.4712102419746,0.3443959355354309,Archean crystalline metamorphic rocks,0.15873997836853632,0,0,0.0225
79.65137045466767,21.840290345155868,0.7529293894767761,27.877647058823584,1547.8085502617298,0.1907709687948227,Archean crystalline metamorphic rocks,0.1722094654774962,0,0,0.0025
80.25773327144836,21.368674820993117,0.34587475657463074,30.870571428571452,1305.820889435071,0.36665797233581543,Archean crystalline metamorphic rocks,0.4835282952063409,0,0,0.0
80.41044686974867,21.750458816743915,0.7059961557388306,28.292285714285754,1855.2477019317448,0.20631913840770721,Archean crystalline metamorphic rocks,0.1988962295879832,0,0,0.0025
80.42392159901047,21.431556890881485,0.36803749203681946,29.446666666666715,1357.1049813590944,0.35634514689445496,Archean crystalline metamorphic rocks,0.4590432035246983,0,0,0.0
79.9972218390537,21.46299792582567,0.3987564146518707,31.34200000000004,1352.4616401825624,0.32147353887557983,Paleoproterozoic sedimentary rocks,0.2645973018726446,0,2,0.0
80.06908706178325,21.112654965019054,0.6505576372146606,31.726666666666688,1222.7466414468363,0.2239740937948227,Archean crystalline metamorphic rocks,0.5356742148608233,0,0,0.0
79.804084052968,21.16206230564563,0.693058967590332,29.267222222222244,1196.9336640362162,0.20619286596775055,Paleoproterozoic sedimentary rocks,0.38080115562654654,0,2,0.0075
79.93883134558592,21.471981078666865,0.3953986167907715,29.864210526315844,1310.2282652975991,0.3526172637939453,Archean crystalline metamorphic rocks,0.20620855141008756,0,0,0.0
80.01518814473609,21.728000934640928,0.42714452743530273,30.78000000000003,1375.4953918354836,0.3370696008205414,Mesoproterozoic sedimentary and volcanic rocks,0.25608903747157413,0,1,0.04220740740740741
80.13646070809222,21.745967240323317,0.5854398608207703,30.443684210526328,1437.020017084847,0.3293049931526184,Mesoproterozoic sedimentary and volcanic rocks,0.14763170319216207,0,1,0.1675
79.68281148961186,21.579778912761206,0.21653111279010773,30.208235294117685,1286.70120113343,0.34759292006492615,Mesoproterozoic sedimentary and volcanic rocks,0.03640534262624194,1,1,0.9997444444444444
79.82205035865039,21.728000934640928,0.3840653598308563,30.626842105263222,1409.0811910970974,0.33577996492385864,Mesoproterozoic sedimentary and volcanic rocks,0.11274647131155507,0,1,0.0
79.62891257256469,21.382149550254912,0.4284116327762604,29.79052631578952,1216.4281045072712,0.36521050333976746,Archean crystalline metamorphic rocks,0.16860466789097342,0,0,0.0
79.83103351149158,21.9660544849326,0.37867850065231323,29.875142857142862,1484.9449688783498,0.3377130925655365,Archean crystalline metamorphic rocks,0.3053297723996841,0,0,0.0025
79.55255577341453,21.849273497997064,0.7174912691116333,27.957222222222242,1379.666186769002,0.20967555046081543,Archean crystalline metamorphic rocks,0.23608564654739053,0,0,0.0
79.92535661632412,21.23841910479579,0.7647450566291809,27.688235294117703,1235.823357579622,0.18710438907146454,Archean crystalline metamorphic rocks,0.3504765442290984,0,0,0.0
80.1589185901952,21.885206109361842,0.43529412150382996,29.42894736842112,1465.555868273601,0.3405480682849884,Mesoproterozoic sedimentary and volcanic rocks,0.08705969046473512,0,1,0.031614398462505175
80.31163218849552,21.054264471551285,0.4069591462612152,31.37833333333333,1268.447222228162,0.21337027847766876,Archean crystalline metamorphic rocks,0.7461947772441002,0,0,0.0
79.7906093237062,21.94359660282961,0.333859920501709,29.09571428571428,1470.0928012038348,0.3327629566192627,Archean crystalline metamorphic rocks,0.27121492528020835,0,0,0.0025
79.76815144160321,21.256385410478178,0.36895522475242615,32.03736842105269,1126.8719852995127,0.337288498878479,Paleoproterozoic sedimentary rocks,0.28270318260344224,0,2,0.0
79.55255577341453,21.278843292581165,0.4805457293987274,30.90882352941179,1189.878205745481,0.36699944734573364,Archean crystalline metamorphic rocks,0.28903092538874925,0,0,0.0
80.24875011860716,21.278843292581165,0.371269166469574,30.333428571428612,1313.1568556209095,0.3402428925037384,Archean crystalline metamorphic rocks,0.5678602600918741,0,0,0.005
80.07357863820386,21.094688659336665,0.6858249306678772,31.427837837837842,1201.5908767704968,0.3703574538230896,Archean crystalline metamorphic rocks,0.5527195690687757,0,0,0.0
79.804084052968,21.66511886475256,0.3119918704032898,30.37833333333333,1354.8254387223399,0.33005791902542114,Mesoproterozoic sedimentary and volcanic rocks,0.08661134682187428,0,1,0.029707407407407408
80.44637948111345,21.840290345155868,0.778741180896759,27.41171428571431,1646.1037676855922,0.2900746464729309,Archean crystalline metamorphic rocks,0.1324846008614173,0,0,0.0
79.93883134558592,21.072230777233678,0.572978675365448,31.238888888888937,1268.2970370356343,0.3436608612537384,Archean crystalline metamorphic rocks,0.505086559495527,0,0,0.0175
80.45985421037524,21.561812607078817,0.31734317541122437,30.453243243243264,1506.4317133622244,0.3588860034942627,Archean crystalline metamorphic rocks,0.36435108155867274,0,0,0.0
80.48680366889883,21.49893053719045,0.4229467809200287,30.29000000000002,1413.8285675654188,0.3620050847530365,Archean crystalline metamorphic rocks,0.4310388751676357,0,0,0.0
79.49865685636736,21.651644135490766,0.323884516954422,30.072777777777787,1341.8104170756415,0.36806756258010864,Archean crystalline metamorphic rocks,0.20770978889987635,0,0,0.0
80.23527538934536,21.46299792582567,0.4385683834552765,30.674444444444475,1406.8859956299384,0.3472551107406616,Archean crystalline metamorphic rocks,0.3888762750156049,0,0,0.0025
79.63789572540588,21.229435951954592,0.3916456401348114,31.88189189189194,1212.5981507815914,0.3326903283596039,Archean crystalline metamorphic rocks,0.31686206390521165,0,0,0.0
80.06908706178325,21.072230777233678,0.6137194037437439,32.02888888888896,1201.5908767704968,0.3703574538230896,Archean crystalline metamorphic rocks,0.5683047096795143,0,0,0.0
80.3340900705985,21.38664112667551,0.3233909010887146,30.382000000000062,1333.3672303161584,0.3642728626728058,Archean crystalline metamorphic rocks,0.4747635421734356,0,0,0.0
80.40595529332808,21.377657973834314,0.5360954403877258,30.495000000000005,1340.265933254268,0.3614220917224884,Archean crystalline metamorphic rocks,0.5026160679379679,0,0,0.0
80.08705336746564,21.166553882066225,0.3106149733066559,30.715714285714284,1237.1997529973742,0.36964133381843567,Archean crystalline metamorphic rocks,0.505986468576096,0,0,0.0
79.90739031064174,21.045281318710092,0.5393289923667908,31.226666666666688,1307.3401801921718,0.3436608612537384,Archean crystalline metamorphic rocks,0.5192765576264375,0,0,0.005
79.74569355950022,21.862748227258855,0.671858012676239,27.663142857142873,1506.4647227097303,0.3327629566192627,Archean crystalline metamorphic rocks,0.18271873151639267,0,0,0.0
79.50764000920856,21.548337877817023,-0.13731825351715088,28.336486486486535,1306.7984749219904,0.33137282729148865,Archean crystalline metamorphic rocks,0.1686926775251803,0,0,0.0075
80.01069656831548,21.224944375533994,0.7557637095451355,27.92529411764707,1272.7278592941482,0.2155293971300125,Archean crystalline metamorphic rocks,0.41160026676933736,0,0,0.0
79.96578080410951,21.638169406228975,0.39102375507354736,30.76600000000002,1412.9690522791998,0.33052411675453186,Mesoproterozoic sedimentary and volcanic rocks,0.243822792543837,0,1,0.0
80.33858164701911,21.840290345155868,0.759588897228241,26.786216216216246,1743.5925410874188,0.2071407586336136,Archean crystalline metamorphic rocks,0.09991693269555317,0,0,0.0
80.14993543735402,21.66511886475256,0.41402003169059753,30.91722222222228,1416.00762188941,0.3323935866355896,Archean crystalline metamorphic rocks,0.20703163494506255,0,0,0.0
79.65137045466767,21.242910681216387,0.4518950581550598,31.831764705882392,1206.6346504871844,0.3326903283596039,Archean crystalline metamorphic rocks,0.30208275198456186,0,0,0.0
79.5929799611999,21.561812607078817,0.32803764939308167,29.32257142857145,1300.7500459738076,0.35054153203964233,Mesoproterozoic sedimentary and volcanic rocks,0.08518666068245416,0,1,0.0075
79.5974715376205,21.993003943456188,0.27951738238334656,30.702000000000055,1443.672988948354,0.36809125542640686,Archean crystalline metamorphic rocks,0.3339787220074238,0,0,0.0
80.38798898764568,21.10367181217786,0.316260427236557,32.01342857142856,1261.2499652116094,0.15049013495445251,Archean crystalline metamorphic rocks,0.7628058734350003,0,0,0.01
80.28019115355134,21.337233786048934,0.3800305724143982,30.930571428571454,1273.6661816872656,0.36880892515182495,Archean crystalline metamorphic rocks,0.5162383935153563,0,0,0.0
80.25324169502775,21.79537458094989,0.39219188690185547,29.392162162162208,1539.746749711223,0.33885276317596436,Archean crystalline metamorphic rocks,0.05816511130054443,0,0,0.0075
79.74569355950022,21.16206230564563,0.6360305547714233,29.55111111111114,1258.0677140689804,0.21060001850128174,Paleoproterozoic sedimentary rocks,0.375954210956637,0,2,0.015
80.3745142583839,21.939105026409013,0.7581395506858826,26.42611111111114,1682.9242691714317,0.2301112860441208,Mesoproterozoic sedimentary and volcanic rocks,0.0889946529390236,0,1,0.0025
80.28917430639254,21.220452799113396,0.5860510468482971,30.04297297297302,1256.4274870203808,0.3650016188621521,Archean crystalline metamorphic rocks,0.631367445996516,0,0,0.0
79.67382833677067,21.921138720726624,0.36873316764831543,28.140526315789486,1485.3507175086997,0.1878073364496231,Archean crystalline metamorphic rocks,0.243419921383314,0,0,0.025
79.9972218390537,21.004857130924712,0.45993030071258545,28.635405405405436,1305.3468040464213,0.3703574538230896,Archean crystalline metamorphic rocks,0.5904548269677865,0,0,0.0
79.95230607484771,21.88969768578244,0.7599999904632568,27.475789473684245,1560.437444792129,0.3213130533695221,Mesoproterozoic sedimentary and volcanic rocks,0.28951407249889693,0,1,0.0025
79.90739031064174,21.44503162014328,0.3919030427932739,28.798108108108124,1308.3356995475478,0.3526172637939453,Archean crystalline metamorphic rocks,0.18844513539874724,0,0,0.0
80.15442701377461,21.808849310211684,0.4310413599014282,30.468918918918973,1473.1030425956292,0.3391132354736328,Mesoproterozoic sedimentary and volcanic rocks,0.09517800836975096,0,1,0.015
79.91637346348294,21.790883004529295,0.360513299703598,30.08459459459465,1434.8574851635326,0.3441102206707001,Mesoproterozoic sedimentary and volcanic rocks,0.2253166607137389,0,1,0.10987244897959184
79.53009789131154,21.507913690031643,0.21225880086421967,28.12189189189195,1306.7984749219904,0.35054153203964233,Mesoproterozoic sedimentary and volcanic rocks,0.15055808317778815,0,1,0.085
80.172393319457,21.27435171616057,0.6948264837265015,29.40085714285715,1304.341538431112,0.33730900287628174,Archean crystalline metamorphic rocks,0.5034702833780481,0,0,0.0025
79.75018513592083,21.099180235757263,0.42796945571899414,31.44210526315794,1261.4052322988975,0.21060001850128174,Paleoproterozoic sedimentary rocks,0.4388809870945114,0,2,0.0
79.61992941972349,21.651644135490766,0.5768888592720032,29.934000000000026,1395.8359407503667,0.34759292006492615,Mesoproterozoic sedimentary and volcanic rocks,0.10373079118485556,0,1,0.36328251778279835
80.13646070809222,21.651644135490766,0.4614518880844116,30.839444444444496,1416.00762188941,0.3323935866355896,Archean crystalline metamorphic rocks,0.22509312542409374,0,0,0.0
80.3340900705985,21.83579876873527,0.7413472533226013,26.786216216216246,1743.5925410874188,0.2071407586336136,Archean crystalline metamorphic rocks,0.09610448603727703,0,0,0.0
80.11849440240982,21.98851236703559,0.7102473378181458,28.705384615384617,1569.7552843187004,0.32556605339050293,Mesoproterozoic sedimentary and volcanic rocks,0.18242388633814752,0,1,0.045
79.9972218390537,21.467489502246266,0.37197279930114746,31.174571428571483,1352.4616401825624,0.32147353887557983,Paleoproterozoic sedimentary rocks,0.26335918721355117,0,2,0.0
79.85798297001517,21.903172415044235,0.7342857122421265,28.087142857142908,1552.9228814621456,0.3158356845378876,Mesoproterozoic sedimentary and volcanic rocks,0.26117191410158663,0,1,0.035
80.48231209247824,21.206978069851605,0.6303249001502991,30.063333333333333,1303.8547248063508,0.34823691844940186,Archean crystalline metamorphic rocks,0.6891306531057023,0,0,0.0225
79.63789572540588,21.615711524125988,0.6796507835388184,29.05594594594595,1327.5371823469177,0.34759292006492615,Mesoproterozoic sedimentary and volcanic rocks,0.08136712605273026,0,1,0.514041761600972
80.172393319457,21.898680838623637,0.48573067784309387,29.498205128205143,1465.555868273601,0.3405480682849884,Mesoproterozoic sedimentary and volcanic rocks,0.0816955870805934,0,1,0.03407816657844721
79.57501365551752,21.157570729225032,0.42010238766670227,31.437428571428597,1261.8881177384173,0.21463912725448608,Archean crystalline metamorphic rocks,0.35469487906531294,0,0,0.0
79.85798297001517,21.840290345155868,0.6262840628623962,29.992105263157953,1462.5105368342718,0.3384265899658203,Mesoproterozoic sedimentary and volcanic rocks,0.21058422958165102,0,1,0.35437841295905076
79.89391558137994,21.728000934640928,0.4197133779525757,30.392222222222244,1372.726118503484,0.3361535370349884,Mesoproterozoic sedimentary and volcanic rocks,0.1807469321667702,0,1,0.03470740740740741
79.56603050267633,21.728000934640928,0.685049831867218,29.374117647058824,1415.4712102419746,0.3443959355354309,Archean crystalline metamorphic rocks,0.159867440618218,0,0,0.0125
79.55255577341453,21.9660544849326,0.37014204263687134,30.170000000000016,1443.672988948354,0.36809125542640686,Archean crystalline metamorphic rocks,0.329317070740482,0,0,0.0
80.46434578679585,21.00934870734531,-0.3170103132724762,28.90621621621625,1308.1107436968014,0.15567679703235626,Mesoproterozoic sedimentary and volcanic rocks,0.8720337649973714,0,1,0.1675
79.96128922768891,21.880714532941244,0.767781138420105,28.22764705882355,1560.437444792129,0.3213130533695221,Mesoproterozoic sedimentary and volcanic rocks,0.27954068697835655,0,1,0.0125
79.89840715780055,21.359691668151925,0.36775141954421997,31.615294117647068,1231.1825696255546,0.35359224677085876,Paleoproterozoic sedimentary rocks,0.2362199223123119,0,2,0.0
79.68730306603246,21.34621693889013,0.373649001121521,30.10210526315791,1168.174840099644,0.3354547917842865,Archean crystalline metamorphic rocks,0.19805527475428908,0,0,0.0
79.94781449842712,21.296809598263557,0.45023179054260254,28.503157894736887,1222.1182228161488,0.35359224677085876,Paleoproterozoic sedimentary rocks,0.31611741654847525,0,2,0.0
80.1813764722982,21.323759056787143,0.3717553913593292,29.80200000000002,1323.7165976052638,0.36665797233581543,Archean crystalline metamorphic rocks,0.4875005508907657,0,0,0.0075
80.31612376491613,21.33274220962834,0.4687216579914093,30.699142857142874,1300.260658483021,0.36880892515182495,Archean crystalline metamorphic rocks,0.5247593481979184,0,0,0.0
79.71874410097664,21.93012187356782,0.4364279806613922,28.796486486486515,1489.4279680692125,0.3327629566192627,Archean crystalline metamorphic rocks,0.2481511705209794,0,0,0.0
80.33858164701911,21.471981078666865,0.490970641374588,30.26696969696974,1359.3228832744062,0.3642728626728058,Archean crystalline metamorphic rocks,0.392622433222517,0,0,0.0
80.41943002258986,21.0228234366071,0.38856130838394165,30.675945945945955,1309.1854514991865,0.1526942402124405,Mesoproterozoic sedimentary and volcanic rocks,0.8483654129866552,0,1,0.13470740740740741
80.06459548536266,21.687576746855548,0.359266459941864,30.498888888888928,1381.1306819492975,0.3370696008205414,Mesoproterozoic sedimentary and volcanic rocks,0.23983522427470977,0,1,0.04470740740740741
79.5839968083587,21.34621693889013,0.4696502089500427,29.95378378378382,1206.0100506641902,0.3881455063819885,Archean crystalline metamorphic rocks,0.21821948786184037,0,0,0.0
80.20383435440118,21.72350935822033,0.31569838523864746,29.812702702702722,1455.071666323859,0.3530366122722626,Archean crystalline metamorphic rocks,0.13316327281007947,0,0,0.0025
79.5974715376205,21.12163811786025,0.43103963136672974,30.005000000000052,1223.5926653312054,0.21463912725448608,Paleoproterozoic sedimentary rocks,0.3927941445444469,0,2,0.0025
80.14544386093341,21.076722353654276,0.4178145229816437,31.275142857142896,1242.576578406617,0.3521232008934021,Archean crystalline metamorphic rocks,0.6118506665581634,0,0,0.0
80.06459548536266,21.337233786048934,0.6973527073860168,28.47176470588238,1324.3424573834054,0.172118678689003,Archean crystalline metamorphic rocks,0.3787165734797159,0,0,0.005
80.06459548536266,21.494438960769852,0.3618341088294983,29.273589743589753,1343.1446899981092,0.33621037006378174,Paleoproterozoic sedimentary rocks,0.32405800468324786,0,2,0.02
80.1903596251394,21.06773920081308,0.6187387108802795,30.052941176470597,1292.3210259643383,0.20042899250984192,Archean crystalline metamorphic rocks,0.648734170467862,0,0,0.0
80.40146371690747,21.651644135490766,0.6525202393531799,29.275405405405422,1519.1549862136599,0.21089336276054382,Archean crystalline metamorphic rocks,0.2576217887091602,0,0,0.0025
79.84899981717398,21.44054004372268,0.43458321690559387,29.98405405405407,1250.6259650537422,0.34890779852867126,Archean crystalline metamorphic rocks,0.14364826554167162,0,0,0.0
80.48680366889883,21.7774082752675,0.7364206314086914,28.021666666666704,1828.2743457332253,0.22351422905921936,Archean crystalline metamorphic rocks,0.19718949627466859,0,0,0.0
79.93883134558592,21.373166397413716,0.36552828550338745,30.645882352941214,1270.1576735565905,0.35359224677085876,Paleoproterozoic sedimentary rocks,0.2556082188347123,0,2,0.0
80.19934277798059,21.638169406228975,0.41631925106048584,30.79857142857145,1420.1338878735696,0.34016817808151245,Archean crystalline metamorphic rocks,0.2173939650827341,0,0,0.0
79.87145769927696,21.166553882066225,0.6725635528564453,30.33611111111111,1210.3759274017066,0.20619286596775055,Paleoproterozoic sedimentary rocks,0.39288412930869715,0,2,0.01
79.53009789131154,21.148587576383836,0.45948976278305054,32.25000000000006,1220.1156214592047,0.21463912725448608,Archean crystalline metamorphic rocks,0.3220509275721428,0,0,0.0
79.75018513592083,21.73698408748212,0.526627242565155,30.526315789473756,1409.8130307945848,0.33860284090042114,Mesoproterozoic sedimentary and volcanic rocks,0.063174247015065,0,1,0.0325
80.09154494388625,21.08121393007487,0.29567086696624756,31.827714285714308,1201.5908767704968,0.3521232008934021,Archean crystalline metamorphic rocks,0.5742924818083354,0,0,0.0
80.22180066008357,21.521388419293437,0.3371163308620453,30.85055555555556,1415.8419310921017,0.3488004505634308,Archean crystalline metamorphic rocks,0.330929489842697,0,0,0.0
79.58848838477931,21.98851236703559,0.4722852408885956,30.575714285714298,1443.672988948354,0.36809125542640686,Archean crystalline metamorphic rocks,0.3332181249107809,0,0,0.0
79.57950523193811,21.44054004372268,0.4910620450973511,29.073684210526324,1301.2249445393682,0.36269015073776245,Mesoproterozoic sedimentary and volcanic rocks,0.14163792970900463,0,1,0.0025
80.3655311055427,21.72350935822033,0.4435396194458008,30.618648648648673,1487.0553937400473,0.20631913840770721,Archean crystalline metamorphic rocks,0.1799924860881772,0,0,0.0
79.77264301802381,21.87173138010005,0.6081547737121582,28.75941176470593,1479.4479394422378,0.3327629566192627,Mesoproterozoic sedimentary and volcanic rocks,0.1971620120860129,0,1,0.28478571428571425
80.12298597883043,21.507913690031643,0.5072245597839355,30.194864864864883,1380.4127644617474,0.3464374542236328,Archean crystalline metamorphic rocks,0.36308618311313795,0,0,0.005
79.57052207909692,21.283334869001763,0.48744460940361023,30.488285714285723,1189.878205745481,0.36699944734573364,Archean crystalline metamorphic rocks,0.281268478451699,0,0,0.0
79.75018513592083,21.678593594014355,0.5767195820808411,30.811081081081113,1382.9833197732805,0.33860284090042114,Mesoproterozoic sedimentary and volcanic rocks,0.03124023948046713,1,1,0.9997765313390313
80.17688489587759,21.153079152804434,0.47262248396873474,31.1375675675676,1240.4467352575157,0.21130429208278656,Archean crystalline metamorphic rocks,0.5796650419797263,0,0,0.0
80.11400282598923,21.907663991464833,0.4122319221496582,29.53684210526319,1473.2387954136357,0.3405480682849884,Mesoproterozoic sedimentary and volcanic rocks,0.13719792737465084,0,1,0.03422876898808576
79.7951009001268,21.822324039473475,-0.10339384526014328,28.008421052631604,1482.8316200572458,0.3384265899658203,Mesoproterozoic sedimentary and volcanic rocks,0.1595959186292663,0,1,0.0625
80.25773327144836,21.049772895130687,0.6955307126045227,30.361891891891958,1330.5934078851715,0.20042899250984192,Archean crystalline metamorphic rocks,0.7091064079293761,0,0,0.0
79.81755878222978,21.66511886475256,0.3907213807106018,30.0682352941177,1354.8254387223399,0.33005791902542114,Mesoproterozoic sedimentary and volcanic rocks,0.0998629728816697,0,1,0.052384615384615384
80.47332893963704,21.530371572134634,0.4778625965118408,29.201351351351377,1482.0148590570316,0.3620050847530365,Archean crystalline metamorphic rocks,0.39762168484923066,0,0,0.0
79.55704734983513,21.35070851531073,0.45803841948509216,30.295714285714325,1248.6160302655771,0.3881455063819885,Archean crystalline metamorphic rocks,0.2270760663182976,0,0,0.0
80.06010390894205,21.409099008778497,0.5981176495552063,28.967777777777826,1384.3017455789668,0.32147353887557983,Archean crystalline metamorphic rocks,0.34186070755711745,0,0,0.005
80.19934277798059,21.206978069851605,0.3409861624240875,31.377777777777794,1231.4658342295936,0.3402428925037384,Archean crystalline metamorphic rocks,0.5633764382062385,0,0,0.005
79.71425252455604,21.0273150130277,0.6229215860366821,30.79270270270274,1346.8586008455604,0.21145057678222656,Paleoproterozoic sedimentary rocks,0.5115306589437874,0,2,0.09488095238095237
80.07807021462445,21.696559899696744,0.35777777433395386,30.815714285714307,1381.1306819492975,0.3370696008205414,Mesoproterozoic sedimentary and volcanic rocks,0.22388077303464182,0,1,0.06
79.82205035865039,21.099180235757263,0.3427385985851288,31.761891891891935,1208.6654185069492,0.20619286596775055,Paleoproterozoic sedimentary rocks,0.4458081013662555,0,2,0.0025
80.12747755525102,21.579778912761206,0.3401605188846588,29.784594594594637,1391.620438114318,0.3323935866355896,Archean crystalline metamorphic rocks,0.29417107371133794,0,0,0.0075
79.92535661632412,21.826815615894073,0.536106288433075,30.02885714285719,1468.148109582149,0.3441102206707001,Mesoproterozoic sedimentary and volcanic rocks,0.25201231109702704,0,1,0.052116665813482586
79.61992941972349,21.786391428108697,0.7220787405967712,29.22513513513519,1455.5694312068122,0.1907709687948227,Archean crystalline metamorphic rocks,0.14402772002388303,0,0,0.005
79.5839968083587,21.049772895130687,0.37345513701438904,30.43810810810811,1267.4756651363568,0.2158748358488083,Paleoproterozoic sedimentary rocks,0.4264952664352059,0,2,0.0
80.46434578679585,21.18002861132802,0.18297871947288513,29.614736842105287,1297.9394222404808,0.148138165473938,Archean crystalline metamorphic rocks,0.7085036438638781,0,0,0.025
80.08256179104505,21.561812607078817,0.38673484325408936,29.61205128205131,1346.751489913113,0.3464374542236328,Paleoproterozoic sedimentary rocks,0.32969922978272365,0,2,0.04246376811594203
80.1634101666158,21.06773920081308,0.6322665214538574,30.51352941176475,1292.3210259643383,0.3521232008934021,Archean crystalline metamorphic rocks,0.6304728141655893,0,0,0.0025
80.30264903565433,21.55282945423762,0.3568170368671417,30.621428571428623,1432.4414966590703,0.34770867228507996,Archean crystalline metamorphic rocks,0.30565277915319433,0,0,0.0025
79.50314843278795,21.35070851531073,0.5667852759361267,31.15058823529415,1260.6798145622015,0.38572829961776733,Archean crystalline metamorphic rocks,0.22339262649034267,0,0,0.0
79.83552508791217,21.283334869001763,0.488397479057312,31.241428571428628,1157.1738916817098,0.32415854930877686,Paleoproterozoic sedimentary rocks,0.2707983023538516,0,2,0.0
80.30714061207493,21.39113270309611,0.31965723633766174,31.071714285714336,1333.3672303161584,0.3642728626728058,Archean crystalline metamorphic rocks,0.46568300097581555,0,0,0.0
80.1679017430364,21.638169406228975,0.3512396812438965,30.702222222222247,1420.1338878735696,0.3323935866355896,Archean crystalline metamorphic rocks,0.2253076370539647,0,0,0.0
80.32959849417792,21.25189383405758,0.630778968334198,30.119714285714338,1273.9212499905261,0.3650016188621521,Archean crystalline metamorphic rocks,0.6067110668625901,0,0,0.0
79.88942400495935,21.278843292581165,0.31259885430336,30.186000000000035,1173.4793522644322,0.18710438907146454,Paleoproterozoic sedimentary rocks,0.29743408482871275,0,2,0.105
80.46883736321644,21.74147566390272,0.4927835166454315,28.871714285714347,1759.4461028256749,0.19933061301708221,Archean crystalline metamorphic rocks,0.2311670851342124,0,0,0.0125
79.87594927569755,21.283334869001763,0.38700026273727417,30.483714285714314,1173.4793522644322,0.32415854930877686,Paleoproterozoic sedimentary rocks,0.2870671199437535,0,2,0.0
79.92535661632412,21.4046074323579,0.3292273283004761,31.18028571428573,1308.3356995475478,0.3526172637939453,Paleoproterozoic sedimentary rocks,0.22555564417459306,0,2,0.0025
80.42841317543106,21.745967240323317,0.5264815092086792,29.235142857142876,1538.23750574499,0.20631913840770721,Archean crystalline metamorphic rocks,0.21670711195366463,0,0,0.0025
79.61992941972349,21.68308517043495,0.710541307926178,30.22485714285716,1395.8359407503667,0.3433015048503876,Archean crystalline metamorphic rocks,0.09920483710299996,0,0,0.0175
80.28019115355134,21.76393354600571,0.34099411964416504,30.092702702702752,1539.746749711223,0.2071407586336136,Archean crystalline metamorphic rocks,0.09694830561880946,0,0,0.015
80.20383435440118,21.867239803679453,0.3542122542858124,29.80333333333334,1549.1868526730686,0.1894979029893875,Mesoproterozoic sedimentary and volcanic rocks,0.03869264229403108,1,1,0.999963768115942
80.26671642428956,21.970546061353197,0.6963350772857666,27.236666666666736,1621.027131780982,0.19422155618667603,Mesoproterozoic sedimentary and volcanic rocks,0.12181022308357581,0,1,0.0575
80.3520563762809,21.32825063320774,0.37692689895629883,30.730000000000018,1314.8195053748786,0.36880892515182495,Archean crystalline metamorphic rocks,0.5355980972140979,0,0,0.0
80.26671642428956,21.55282945423762,0.36974358558654785,30.970000000000027,1427.5155260806948,0.3488004505634308,Archean crystalline metamorphic rocks,0.30027448868423884,0,0,0.0
80.28468272997193,21.112654965019054,0.716925323009491,29.353888888888946,1285.7476079203188,0.2084127515554428,Archean crystalline metamorphic rocks,0.6883511463727723,0,0,0.0025
80.40146371690747,21.74147566390272,0.3420501947402954,30.16351351351352,1538.23750574499,0.20631913840770721,Archean crystalline metamorphic rocks,0.196134017736758,0,0,0.015
79.6244209961441,21.23841910479579,0.46613994240760803,32.08200000000005,1212.5981507815914,0.3326903283596039,Archean crystalline metamorphic rocks,0.3099148842844419,0,0,0.0
80.28019115355134,21.211469646272203,0.6892458200454712,29.566756756756774,1256.4274870203808,0.3650016188621521,Archean crystalline metamorphic rocks,0.628241565768361,0,0,0.0025
80.3430732234397,21.278843292581165,0.6083279252052307,29.95368421052632,1273.9212499905261,0.3650016188621521,Archean crystalline metamorphic rocks,0.5823242535934746,0,0,0.0025
79.73221883023844,21.000365554504114,0.4035378694534302,31.29333333333335,1346.8586008455604,0.21005649864673615,Paleoproterozoic sedimentary rocks,0.5377623673305685,0,2,0.0075
80.41493844616927,21.431556890881485,0.40369248390197754,29.321111111111122,1357.1049813590944,0.35634514689445496,Archean crystalline metamorphic rocks,0.4555052562164307,0,0,0.0
80.00171341547428,21.224944375533994,0.8084334135055542,27.87705882352941,1272.7278592941482,0.2155293971300125,Archean crystalline metamorphic rocks,0.40582580264172724,0,0,0.0
79.88493242853875,21.018331860186507,0.396843284368515,31.65171428571432,1293.5427436417667,0.35517966747283936,Archean crystalline metamorphic rocks,0.5385853307875367,0,0,0.0
80.07807021462445,21.42257373804029,0.7422552704811096,28.466571428571456,1384.3017455789668,0.32147353887557983,Archean crystalline metamorphic rocks,0.3539436993331861,0,0,0.0025
80.42841317543106,21.615711524125988,0.3742569088935852,29.851111111111152,1518.314540898893,0.21089336276054382,Archean crystalline metamorphic rocks,0.30251111532792646,0,0,0.0025
79.83552508791217,21.633677829808377,0.4020783305168152,31.30729729729734,1300.7126155488659,0.33005791902542114,Mesoproterozoic sedimentary and volcanic rocks,0.12601790492462578,0,1,0.0025
79.99273026263309,21.687576746855548,0.4124772846698761,30.411142857142863,1405.9129361290204,0.3370696008205414,Mesoproterozoic sedimentary and volcanic rocks,0.27365968376024125,0,1,0.0
80.33858164701911,21.921138720726624,0.7374660968780518,26.551578947368455,1593.1962412353605,0.205626979470253,Mesoproterozoic sedimentary and volcanic rocks,0.12103805000433204,0,1,0.0
79.70976094813544,21.27435171616057,0.3148421347141266,32.04666666666668,1121.3817129776521,0.337288498878479,Archean crystalline metamorphic rocks,0.26580569048799263,0,0,0.0
80.40595529332808,21.489947384349254,0.41915062069892883,29.934324324324336,1401.6590787393507,0.3588860034942627,Archean crystalline metamorphic rocks,0.3984189548059858,0,0,0.0
79.9972218390537,21.211469646272203,0.8132911324501038,28.032352941176498,1351.996078907794,0.2155293971300125,Archean crystalline metamorphic rocks,0.41353781386836036,0,0,0.0
